"confirmation","gender","borninus","ethnicity",politics,age,zipcode
"4ac1baee1c0ac634b6b69775d89c87","male","no","african-american",3,27,11103
"d28eaf8d9d42f8137616d8eab8b739","female","yes","caucasian",6,58,10510
"9a6d328a8d81c25f068b84fd7c6334","female","yes","caucasian",7,42,97078
"2f0b353c8d2b841a35cebc38deadc8","male","yes","asian-american",5,35,60647
"1ce540630bbdd0a94f8263ccdb54b0","female","yes","caucasian",6,56,97224
"92c052b30044da4ca47ece2cbadd82","female","yes","caucasian",7,45,11215
"2c094de9b83159c4ea351153beccd2","female","yes","caucasian",7,51,0
"c7fb38054ac74d665add4f86c8e528","male","no","caucasian",6,59,12572
"d37e6d76d5089e2b841185e6359bea","male","yes","caucasian",7,30,2766
"cb7d8867f43dbb16d282a9dd71fb94","male","yes","african-american",5,42,64113
"20bef6ee1320e43e4125b6e1d7a910","female","no","hispanic",6,24,94705
"20bef6ee1320e43e4125b6e1d7a910","female","no","hispanic",6,24,94705
"12c74912f2dfd852265b3ebb7d364a","male","yes","caucasian",7,63,90045
"0d187fe348e5e1f1ee27551e68f9c7","male","yes","caucasian",5,36,94110
"4c0e38b2f086dc38cd5a245eafedcc","male","yes","caucasian",5,23,90230
"","","","",0,0,0
"","","","",0,0,0
"7880b3510d037507976efcb68bd178","female","yes","caucasian",7,50,38111
"8fb0569e1ccde7dd7e6709fa9c111f","male","yes","caucasian",6,43,97217
"8339b13942b69c3dcff56817d3bffd","female","yes","caucasian",7,40,99614
"1d05be74ea32a1c4a5adff900ee5bd","male","yes","other",6,33,97211
"4f3be5919368d96a277429f626daf4","male","yes","asian-american",5,23,94117
"7ead014ab78f22aaa98cf0513e2ba0","male","yes","asian-american",7,34,11238
"72dc7061df07d65100c9028043699d","female","yes","caucasian",6,28,97211
"de860a7916c975aa2ce01f26a1668e","","","",4,0,0
"618ff9bff183e61442d473f93297e8","female","no","asian-american",7,21,10027
"1e4dcdb9633eed1e6aab2b9ab6bd21","male","yes","caucasian",6,26,45255
"1e4dcdb9633eed1e6aab2b9ab6bd21","male","yes","caucasian",6,26,45255
"5fa3418ced1b2163bc4589096f0232","male","yes","caucasian",6,29,95134
"75383ad6395f3c2a443ad4b7db4c50","male","yes","caucasian",5,22,96740
"b6ce2e0f29fbe00cd029d1f77cd6fd","male","yes","caucasian",7,66,55407
"860ef2ae450a5112d58873808118be","male","yes","caucasian",5,33,8540
"17f364b6ebaa17f1411a232dd08caf","female","yes","caucasian",7,21,87110
"17f364b6ebaa17f1411a232dd08caf","female","yes","caucasian",7,21,87110
"69bad693f6ec9a1ed24cf0d488dd72","male","yes","african-american",3,56,5701
"e451d8ea86bbdf6f7b49ebcc4dadbf","female","no","caucasian",7,39,3216
"cc909d19ffcbb2cd820724a10b16f1","male","yes","caucasian",7,46,98144
"238056198c4572d5ef79a07f2aa681","female","no","asian-american",2,40,94550
"08d7f8ad8bd1f55c848552392fe905","male","yes","other",7,51,10010
"788fe2f0ad98f9e5752ffc445c23ab","male","yes","caucasian",3,44,98391
"5e389fcc2961f9e1405ad0cc62c1ab","male","yes","caucasian",7,58,2139
"a2884cadd781a9636e9f70ae004469","female","no","other",4,27,12099
"ea0778b8311112a6926e8b264ccc59","male","no","asian-american",6,44,11581
"71054445196afaf26ece1647f13628","male","yes","other",6,61,99645
"f384a77be3d72ece5e876aa5dcbbd0","male","yes","asian-american",4,27,30328
"fe91689379d6cb885c3e984eb677b2","male","no","caucasian",6,39,29462
"495d7580327e0b64a93279c9579b71","female","yes","caucasian",7,32,90036
"495d7580327e0b64a93279c9579b71","female","yes","caucasian",7,32,90036
"36d394a3c6ebe7003934031473b01b","male","","caucasian",7,48,6520
"b4fba5c118c68f11b0f2125d987435","male","yes","caucasian",6,20,91105
"f4010213e32b4b305ba049d9f783b2","male","yes","african-american",5,33,20001
"d06cba604dc083f573de3b1cae1fa6","female","no","caucasian",6,64,98671
"0f273afd72e35d622dc2f8221c5dcf","male","no","caucasian",7,53,0
"9e3ee3224126cd30f44e20cf1307a1","male","yes","caucasian",4,22,97330
"f629106cd37024898bbce3aa32c65c","male","no","caucasian",7,48,94306
"64aaf4a876e654f0a2c2eb7b24c7c7","female","yes","caucasian",6,24,12077
"25ddf862087e47cd34ffa8b225fc68","male","no","caucasian",5,22,10033
"aa91d09602af7eacb8539db4407c6e","male","no","caucasian",7,67,20007
"1ebd944f23e814b6f5741de4ec9a36","male","yes","caucasian",7,35,78756
"1ebd944f23e814b6f5741de4ec9a36","male","yes","caucasian",7,35,78756
"8f45518153ebbd1ac9a79422762758","male","yes","caucasian",7,51,10024
"3476b2c4bcc6b93a54410c26989815","female","yes","caucasian",7,49,646
"8e8afc638d4281c47089d0fb6bb0ea","male","no","caucasian",6,35,90210
"95a82f0a8f953843a157bfce9dca82","male","no","caucasian",7,0,0
"af2570e693117b62e4597334d71982","male","yes","caucasian",5,42,12491
"5b27c77717464f796d5da7abd56457","male","yes","caucasian",2,73,11210
"cdf85ba68350f875df25cd7fa9e8f0","male","yes","caucasian",6,44,37604
"17ec682090fb379ad5859525e5508c","female","no","caucasian",5,37,0
"bb70103d97ad0bb7540f9afb22cf8c","male","yes","caucasian",6,36,10001
"79218efd6df4b26f9e971faf85808e","male","yes","",4,50,0
"2a01ad6a0743cc1cc5251aaf779b96","male","yes","caucasian",6,56,11218
"fa4c9e6afbed85cd04f5a396714a3a","male","no","caucasian",6,31,94044
"3eef6e71921d217097a1fc9230ba7a","male","no","asian-american",4,54,0
"a40680d0931c23eac62d127445fc46","female","no","caucasian",6,27,0
"4790abacb61f5dc7a3a0f4110d7c1e","male","yes","caucasian",5,40,20005
"9eab52d2f7c21f5315d15e5ee1cdb0","female","yes","caucasian",6,49,6880
"e32baa6c40eb818c3e8781a04b2232","male","no","caucasian",5,26,3068
"79a9939200a1c83b12a2e954722a5f","male","no","caucasian",6,49,0
"29221d6e89653a0d15fe3fd8ec181a","female","no","asian-american",6,30,11103
"c5f24e364d182224fd213fae345e7c","female","","african-american",7,36,20002
"24e3553b7ecf6f7c9c201ed452b003","female","yes","caucasian",7,57,2139
"0587953f033fe751878beeff19ffcf","male","yes","caucasian",4,0,10018
"b2b57602bf55dc22b29a8a64c03ad9","female","yes","caucasian",6,29,11101
"0d200958e0ca0a0cc811ac0968c417","female","no","caucasian",7,51,0
"cce51bd9380de49a6b3c7cabf722c8","male","yes","caucasian",6,28,10024
"12244786ad002e75ef9e0ea15d353c","male","yes","caucasian",6,26,14213
"63ebed7bd4049b758599cdf5fdb0d0","female","yes","caucasian",7,30,1966
"be5a4974ff1f430273173934a18846","male","yes","caucasian",6,66,46617
"e69af455a39c7a391cb08558c3ed13","male","yes","caucasian",6,57,23454
"702c3157bf29ba99d2744aa44abb96","male","yes","caucasian",6,42,1890
"1d0ae819f819e1c87ee43246b5a81d","male","yes","caucasian",6,54,10025
"5f0dc551e75816e70b70768a119ee7","male","yes","other",7,68,76107
"b92dafb65263c03929b70ec6346526","female","yes","caucasian",6,62,14534
"fdbcc86a2cc825312e91d241c7c7ff","male","yes","caucasian",6,39,18702
"a507fc2bf398dabb4471b173f573d0","female","yes","caucasian",7,25,10027
"c6a74ea8bd3331d1e74daea1e046d6","male","yes","caucasian",7,36,30309
"bdfc267e4e3a222ecb592f9f6c1435","male","yes","caucasian",2,0,27516
"f6211582817d24b2f688b740dadf8b","female","yes","caucasian",7,57,10128
"739c3d8562bedf8f1e06d4a1ea5e23","male","yes","caucasian",7,70,1118
"7f940dcaf4e77001cf456a21cb06ca","male","yes","caucasian",5,0,11358
"65f0e966be3ad387d6e64572f9d6aa","female","yes","caucasian",6,25,11751
"18b24e26b441a427b7e161eb45dab6","male","yes","caucasian",3,28,14607
"122f5cb95eb8a231d0a234845fdb08","male","yes","caucasian",6,23,77059
"f9ccbc63d7488f46a6364e10b483a2","male","yes","caucasian",5,58,19087
"b03012f7a359fd91f267956818f665","male","yes","caucasian",6,40,19130
"d37290f18361337d7e90dfccf9ee6e","male","no","other",7,22,0
"","","","",0,0,0
"3bd06218915b0f06ccfa88374dd101","male","yes","caucasian",3,44,32779
"fb388e89639ed4d24b68e6c6382871","female","yes","caucasian",6,31,15232
"9bf82ae075d059abcb748fc682a1e7","male","no","caucasian",7,27,0
"38b120b0881d1ca32c17699ce4e868","male","no","other",6,24,410210
"4fa38cff3f9cefaccf7bb0793f4de0","male","yes","caucasian",2,0,80215
"1e9859e8973e53ef163872d3be2028","male","no","caucasian",6,26,27705
"f31c4b97f119d5fadd87733a0e932d","male","yes","caucasian",7,45,46204
"e617baa77b235fa6df261d64319eeb","male","yes","caucasian",6,64,68112
"1ae15d2868eb9e29a45a93003daa24","female","yes","caucasian",6,64,28805
"32abb6cccd34e4b31d6ddddd792e2e","male","yes","caucasian",6,40,35801
"155cef85317a3a372896a75791bc10","male","no","caucasian",4,56,0
"81dac312099f0b4f2f0f87a0185a12","male","yes","caucasian",6,0,6063
"2e32d0fab97a4b031b68647310afff","male","yes","caucasian",6,65,22302
"c88c88dc9ea43debc06237e5cee33d","male","yes","hispanic",7,72,77019
"cf7b53c65e5505d80243c1efc4e1da","male","yes","caucasian",5,70,28801
"70781ca961b5839b071814a68d6f07","male","yes","caucasian",6,30,2118
"ef21ef0cd034e48bbfd399b9375a45","male","no","other",6,40,49024
"bc310b0df09f0456def2dd8f5e9e22","female","yes","hispanic",6,52,78676
"e98119d52d429159570f5078821b2e","male","yes","caucasian",6,31,20002
"c123f266170157e65fcedef721e862","female","yes","caucasian",6,29,60202
"12cb4cb7730dfa175dcb31a4c8535d","female","yes","caucasian",4,33,15241
"8c21eb72a96e49e91e7ac5b8168b28","female","yes","caucasian",6,38,7030
"4921a9047fec8602f4fc4ceab8e2e5","female","yes","caucasian",6,28,24060
"7380f74df26ac0d343e7dae611f454","male","yes","caucasian",7,70,81201
"fb6922b463723d59462973f833ee77","male","yes","caucasian",6,21,62221
"29b3c84e14cbd9bc9b65da336a36bc","female","yes","caucasian",7,61,54001
"ea0082cafad7c05c9d50b22592b16b","male","yes","caucasian",6,25,75067
"e4a7f9117c45eb887d1804dae25e8a","female","yes","asian-american",6,21,2134
"59e4ef1a20a39631df8884077cf24b","male","yes","caucasian",5,28,50310
"ba8b0860c03f633a58b5f885373ff4","male","yes","caucasian",3,43,46062
"cf2e65a55385a39af8838a6db13bde","male","yes","caucasian",6,43,15215
"91ec63d0a6b287864f8aaff4ce191c","male","yes","caucasian",6,32,16803
"749ef40f2fd32775657716bff083d9","male","","caucasian",6,61,47374
"1b8aab537319d9d8a11b1ec9709d0c","male","yes","african-american",7,64,10003
"1cf45d924597aa98bd26adf878a976","male","yes","caucasian",1,49,6883
"bfeea75c45d6251ec60900f5b7a1a1","male","yes","caucasian",4,70,6248
"22385bd082da62ee0d5b16210fb27d","male","yes","caucasian",4,17,7960
"","","","",0,0,0
"202373482a5ca00df21ccbc7010add","female","no","caucasian",6,45,0
"c9f8aff8bc7ba6ae8babbe1bd5b7f0","female","yes","caucasian",7,33,20912
"df27698e73ef9ae94bd422b6e581f3","male","yes","caucasian",6,24,20001
"adae9ad306c881794cb2e8a39cdf18","female","yes","caucasian",6,31,46614
"88f74896a57053de757fe298694114","female","yes","caucasian",7,29,19147
"a744fe51a5b7c8b2103dd409afc73c","male","yes","caucasian",4,70,60625
"382528258f30bf653fc4a2506d0c03","male","yes","caucasian",6,35,48197
"a744fe51a5b7c8b2103dd409afc73c","male","yes","caucasian",4,70,60625
"ca6a5440892f059134c8d65af79194","female","yes","caucasian",7,33,2136
"a73ba2f2ed2ef69978019bb9a09d32","male","yes","caucasian",6,53,13224
"1b8aab537319d9d8a11b1ec9709d0c","male","yes","african-american",7,64,10003
"d46c42a7d9c058cd22540ca9d286cf","female","yes","african-american",7,63,10014
"a999c9fe1147a66dd6b25dc1165c56","female","yes","caucasian",5,54,48174
"9697a43495d594371bb01a2fc024e6","female","yes","caucasian",7,63,1945
"513aff6ae519d0d14f87a3998f1a6e","male","yes","caucasian",6,29,60661
"5de6f7fe086650f9da82c53eea15cc","female","yes","caucasian",6,24,10028
"a11da0992f6ed05ff554fa649711a4","male","yes","caucasian",2,50,22205
"75acad99b659eb2baa0895817e0e28","female","no","other",4,23,187
"e0f246730e8120596d2ddbcab7805f","male","yes","caucasian",5,25,95608
"32233d6736235c7e7784f843089854","male","yes","caucasian",5,57,10003
"e272e6d79c03b07ad79b044d05cfd1","male","yes","caucasian",5,57,60201
"2a5d117cf8ac25bc67d01670bc5085","male","no","caucasian",6,30,0
"733e6174bc88b7e4be35bb243fdda9","male","yes","caucasian",6,36,54601
"4bfad5286e6e89f5c4d905234639da","male","yes","hispanic",6,27,10036
"3a9c31ec89c13e878d3a3044ab000b","male","","caucasian",6,55,0
"91c6b1c9e958d4a74a349cbfdbb022","female","yes","african-american",5,37,43209
"bce2a62da12570d5a179b452af9adf","male","yes","caucasian",6,53,12801
"fc415d8cbb39cffd027d6f4e7dedb3","male","no","caucasian",7,68,0
"4c96d0c5b6f94426cb5203ad09ed69","male","yes","asian-american",5,0,94125
"22b19b3a7c783e552d476c7fac5652","male","yes","caucasian",7,0,55419
"e4528b9d6b9c8f22d424d248e58885","male","yes","caucasian",5,31,20009
"a6722c70ff0f18289f6b09de138e1a","female","no","caucasian",7,24,22201
"91b8f653862f62a4f989f9d37b6910","male","yes","caucasian",7,51,65203
"abc46b04b6462eb7d9b28ad995d82c","male","yes","caucasian",4,34,10014
"a03b8309313b3291d4febba52f276d","male","no","caucasian",3,50,61801
"301bab01df0996808efcf96fee2337","female","yes","caucasian",6,57,87048
"604420e21291182785222608be13f5","male","yes","caucasian",6,41,20902
"8d04b73d632254c6526e182cb49c6b","female","no","caucasian",7,34,0
"85e4c8b742d87ebd9a3a6a0a672281","male","yes","caucasian",6,38,11789
"938ea50c6114e685fffa8f29100038","female","yes","caucasian",7,33,5048
"1b7f904005352012dfc1c9b3419a20","female","yes","caucasian",7,69,21209
"9088ca0b0c20f18384e8f38266f956","female","yes","caucasian",6,24,22201
"703342d2ce19b9f653f21a9ce209cf","male","yes","caucasian",1,0,55438
"b897fea7068a3bfad9cec1c600b5c3","male","yes","caucasian",7,19,59715
"2a379b381c6c011a5665d09c4cd0b4","male","yes","caucasian",7,66,53211
"4990ced138901167a52ee921d94532","male","no","asian-american",7,53,94702
"58465046d0ff9d5142ab187d408d06","male","no","caucasian",5,25,90210
"807086309d2c244a0dd65faae54f2c","male","no","caucasian",6,34,2138
"08fc72ac38d7f004bf596624f0ef89","male","yes","caucasian",6,33,11782
"3f66c3ed0f39d0cf2590d8f941502f","female","yes","caucasian",7,33,11372
"9a7e32d5faa38ac4e4693b3b29e4f0","male","yes","caucasian",6,45,16803
"b897fea7068a3bfad9cec1c600b5c3","male","yes","caucasian",7,19,59715
"f69af94f7b8e3ebee8c33116d1703d","male","yes","caucasian",6,34,32803
"dc3bb491cdf4a4eb56da3621a40564","female","yes","caucasian",7,25,19115
"d9450cc3e516890cfa7a75d462bd87","male","yes","african-american",4,26,21703
"bc36c40779b8d97549bfc722568a80","male","no","caucasian",2,42,0
"29d43516d864ba4a10af5282ff3a4b","male","yes","caucasian",7,20,10533
"95d331191a32fc65f37f12a7ebef3b","female","yes","caucasian",2,52,92105
"7257fbd92613e33a1d6ea36fec7b2e","male","yes","caucasian",6,54,70115
"","","","",0,0,0
"c9e5cd39fd87a2d773b4c602f63b81","female","no","hispanic",6,34,20005
"c6e24d99619f167375b39567153833","male","yes","caucasian",7,33,20005
"","","","",0,0,0
"3056da43b760f2c6793e8fda471f7c","male","yes","caucasian",3,0,0
"cd49e5be3f2e48c39f57eb4096c2db","male","no","caucasian",3,36,80302
"09676f394d8be21c645928b959da41","female","yes","caucasian",7,72,5843
"fedc66e016e8a20eb6a7b402098f2c","male","yes","caucasian",2,59,7004
"49fa94fd3b8cc72dc675fb230e1ce6","male","no","asian-american",5,31,91789
"662699647d6a8d4c14f95250c79b87","male","yes","caucasian",6,35,17601
"8b7ffa61154d7a7a6067b67a093001","male","yes","caucasian",3,40,98012
"f47a0d20a4aabd37ab5e5fd116bce7","male","yes","caucasian",6,36,11204
"b5e1def7ffa72456e9cac67c05e3b5","female","no","caucasian",7,31,0
"015f1dad1c06ef7260322e6da58a38","male","yes","caucasian",7,42,12508
"b82dead29699a7834b7a8d85710c44","male","yes","caucasian",3,39,63131
"43b0b01cd953596959de35b77d9937","female","yes","caucasian",1,43,75645
"edaac24b449b482fbf1f0b3757b9e3","male","yes","caucasian",6,33,21217
"d7af720dc2ab65b0244de60388ec57","male","yes","caucasian",3,39,6082
"bf31637e9d8e5cf6664fc7c1b2f71d","male","yes","caucasian",2,22,12590
"264d1a2826a5f050309804a6f1dec4","male","yes","other",5,71,85614
"789c7fba88e28662a1e89a994a10ea","female","yes","caucasian",6,42,10020
"6677448c50e62730cf578ea38ec070","male","yes","caucasian",7,36,8536
"28d5df05d38616464ac06139d94425","male","no","other",7,39,0
"e029da59dbcbe5ea380ac0b9ec8e7e","male","no","caucasian",2,31,7026
"98b2b28ca127040e18824cb3650e58","male","yes","caucasian",4,37,33703
"2df60e8d05279098ed334ea5d0b5d1","female","yes","caucasian",7,63,11050
"b3df68bdf3d44924c25823e8956d70","male","yes","caucasian",6,36,98021
"c418a7ced594aed72a90ef10b18acd","male","yes","caucasian",7,59,94706
"54f65f3b958008d2fa2971a0c782f2","male","yes","caucasian",2,33,10954
"144034ed27a492d415cd8a9e146fc5","male","yes","caucasian",6,57,78723
"87bcd8da637df5bc86950c7371863a","male","yes","caucasian",6,40,48331
"db647e588c25e3cb1b6674f95f9db4","female","yes","caucasian",6,29,94606
"ad9bd8fcdead1d7c8066fb9029a4e1","male","no","other",6,40,90004
"a6bccce8ac016f61a60949472530e4","male","no","caucasian",7,27,94122
"e268282c984129f58e0a25017b5748","male","yes","caucasian",6,22,44883
"0a80371090c2310557ef5f5cc38962","female","yes","caucasian",6,30,20009
"","","","",0,0,0
"784e62ab613f7b3408bb6df7c16f56","male","yes","caucasian",7,31,19137
"48b5822663eadc4b4156c42a69edc5","male","yes","caucasian",6,55,80212
"2eaa7786d6dc5a07cc671fae32863e","male","no","caucasian",7,51,44122
"72386ee5d7274575fb8842ecb50d97","male","yes","caucasian",6,60,28722
"aeb2d0d7b8839902719a0bbcdd927b","male","yes","caucasian",4,31,11217
"4d24e4ee8d931a1ca17e6af823b463","male","yes","caucasian",7,26,97214
"3e1c4885defc71225dda00a1589348","male","yes","caucasian",7,47,75025
"14e9dd7ce9118bb689b0d66b2d1f60","male","yes","asian-american",2,40,11235
"3be646356952de759143f7999cab41","male","yes","",4,33,19046
"7b099175586059cae086abb353c457","female","no","african-american",7,0,63132
"60f2ad3e98834c0ed35b3921fddd9f","female","yes","caucasian",5,38,2482
"319baf850371ada7bd5b66bae0dad8","male","yes","caucasian",2,56,59808
"3f6e71c4f644eb597d86eefef9173a","male","yes","caucasian",2,26,55436
"49a267a0c130b77471673beedeaf74","male","yes","caucasian",1,33,10528
"89d46c5694a10ebef88d09b051c165","female","yes","caucasian",7,43,17837
"6c0d1cf630c7588a12b0c55dcbdb4b","female","yes","caucasian",7,31,7042
"d0fb75b5767b562e4f62413341fac0","male","no","other",5,28,0
"244eeb96d3fd7029b8de61f54ff249","female","yes","caucasian",6,24,38506
"2ba370ce7615480d9254d47ea71941","female","yes","caucasian",6,36,17837
"a8b94ab9b003c0b1ec4c7c6ca03f3a","female","yes","caucasian",6,18,35010
"244eeb96d3fd7029b8de61f54ff249","female","yes","caucasian",6,24,38506
"3b880060a0bd451a69696627c5260c","male","yes","caucasian",2,29,6513
"ea8e294d0f99e82fb4032532cb4952","male","yes","caucasian",6,35,19146
"404c98fdf2f390e7bd09442b00b55f","female","yes","caucasian",7,41,11217
"117496a3c097b4ce0972d100651fde","male","yes","caucasian",6,28,22202
"fd0dd1d5c49fa7c7c1a34413fb35eb","male","yes","caucasian",7,40,59601
"4c7a9bcd2ad754be34bc837ade34e2","male","yes","caucasian",6,23,20005
"fde607aec88f408c96d2df47da117d","male","yes","caucasian",5,25,2360
"fd2f25032526ea9cf5287c03fade90","male","yes","caucasian",6,21,3865
"","","","",0,0,0
"ab54a862c36f5b3164f10a76a8f5c0","male","yes","caucasian",7,24,94132
"d84ff9a122de031a56277bf42470ca","female","no","caucasian",6,34,48837
"","","","",0,0,0
"d5c4e7411cf6a51d5d8983ae5e58bf","male","yes","caucasian",6,44,10003
"dc18ebd198ef1b999561e6d405e2f6","male","yes","other",7,23,60625
"110972fd10a8110e33b11908755d0a","male","yes","caucasian",7,41,20017
"cfba958a06d94105a2a93f2c0f6215","male","yes","caucasian",7,33,94618
"110972fd10a8110e33b11908755d0a","male","yes","caucasian",7,41,20017
"12fcd8392545fae17471e76db59ede","male","no","caucasian",6,47,21210
"f27cbef479fec2efa41c9dce045e25","female","yes","caucasian",7,75,2446
"389f9f91cc811973899ecd000dd281","male","yes","caucasian",6,50,10014
"92a8053637363d7b1ea21507846c1e","male","yes","caucasian",3,20,80521
"059e56354d461ee944f2ded6a7f52b","male","no","african-american",3,25,227
"926428562ea74fc2e280e38475ac97","female","yes","caucasian",3,31,29577
"843271d45f97772725b1946af09f33","male","yes","caucasian",7,31,14607
"c27a3d6b5dfd6174db7b05de0ef386","male","yes","caucasian",2,35,35811
"e7f0f793d19abc5cf822b532251202","male","no","hispanic",6,20,53711
"ad6797e7a4f2a9a6b7f14f9eb5b64a","female","yes","caucasian",6,37,21224
"1991577bef42bcef43e7263ba6720f","male","yes","caucasian",6,42,1510
"960e5030b577801bd2db0719248825","female","no","caucasian",6,67,77479
"6430a214b16011212f3541d4c7b8ed","male","yes","caucasian",1,27,78542
"7be58b4775ae81fd2d08b149664dc2","male","yes","caucasian",6,29,21130
"e1a31ed242813161feca8755f65e67","male","yes","caucasian",4,25,10003
"0badfcf9fbd63f0c1bb7f23fe26467","male","yes","caucasian",5,23,2115
"2632c586d394d1d5b154f64c268a79","female","yes","caucasian",7,24,10035
"30c588473232e7cfff39977a136ce7","male","yes","caucasian",7,54,8540
"d1cf3992bd85e43a3b3c3fdb98c042","male","","caucasian",7,30,21224
"9ea6eef27a763712b1ab1542c60f0e","female","yes","",6,60,12601
"bc4f4b4bb8e7fe65e0e4eb5d15276c","male","no","other",7,32,10019
"f6778671ac75fcfde1cdc28ce997e8","male","no","caucasian",6,19,0
"0ab51dacd5bf995b0762b7cacabbc7","male","no","hispanic",6,45,0
"2dc7f79558a7a574bdea3c0793d864","female","yes","caucasian",7,62,28387
"34c16527418187dd972715c89479db","male","yes","caucasian",5,31,84321
"0f73778d36bcc737b5f6b3236bfd30","male","no","caucasian",5,0,0
"3a2a6bd9aa2b6709e9e43a9c8fe0e8","male","","",2,54,22554
"3a2a6bd9aa2b6709e9e43a9c8fe0e8","male","","",2,54,22554
"7b911e595e1e1ae4fb864d67d8b756","female","yes","caucasian",6,31,14605
"2acb41c95c059a9b3b6e9f15e7c1f1","female","yes","caucasian",6,43,22044
"103e2e2768097e53e80025b0718dd0","female","yes","caucasian",7,35,30318
"edd1f2418d25403dbdc56b985bac7c","male","yes","caucasian",7,61,14820
"fcd19dd04bf1a62805a3110906d6f5","male","yes","caucasian",6,30,10025
"c9549a7a780983d0c7574c66dbc273","male","yes","caucasian",7,31,90019
"01a122c10e6a882f7b7ddea6e71a2e","male","yes","caucasian",3,22,75201
"6afcf60f3db104d1d629dc9c0d39d1","male","yes","caucasian",6,35,94117
"71bce7410f4b797eeba4d0fc6f1550","male","yes","caucasian",7,54,5301
"fe34f7ddc3e3ad2fa18637d000cc5c","male","yes","caucasian",7,38,94619
"5869c0616beaa4b62c933548b98c09","female","no","caucasian",5,49,61801
"c41e2c0b56406bc0b346c2e4faa667","male","no","caucasian",5,79,70518
"ec2cc3a748acff99d8e220e4025b80","male","yes","caucasian",6,31,7042
"57b1d5f8f71dc8df703e8c70bc5293","female","yes","caucasian",6,29,10027
"e27c61a2736141e70f580b5ad90265","male","yes","caucasian",6,37,20008
"a9c4363964f8eae86b91725d79f83d","female","yes","caucasian",6,35,95136
"630ded6f92c33aafe53e5eb6f9aaa0","male","yes","caucasian",6,41,94122
"17082f0ee365f49c736376f43de195","female","yes","asian-american",5,22,2116
"1021e2e696d72f31f3f77a5d896ad1","female","yes","hispanic",4,19,91351
"d33653653037928d24a9302f75dbe5","female","no","caucasian",7,26,32601
"e6ed06c8d6d8117ec2c033708b3a1a","male","no","other",7,33,2128
"8536d556614c789d537692aadd6f59","male","yes","caucasian",6,48,29461
"44513b44c63dc4aa99e79ce97a6533","male","no","african-american",6,37,27106
"265cbe2607c0835f9f541dedcde091","female","yes","caucasian",6,27,21075
"3f49f5a57e4cfbcb280fde36f365da","male","yes","caucasian",2,0,40508
"83e1392a51fdb45214b60e73e2a52b","male","yes","caucasian",1,37,10006
"83a85bf3b96840e474808f62293151","male","","caucasian",7,41,23176
"07d84d1adfc844a571e07e9a871ffd","male","yes","caucasian",4,57,90807
"64760b7171adfbd3eae5813336f63a","male","yes","caucasian",3,21,55116
"d2e3806ee0a49a0d66605f8562d5db","male","no","hispanic",6,35,48912
"2240428d6d0eb27df9d3429538d22a","female","yes","caucasian",4,54,29708
"e7fc043b648c2efd56aa1ede0891db","female","","caucasian",4,43,75020
"b6cfe0c11d743c9bfbeda6da8960a9","male","no","other",4,46,110221
"44cf79946adfc715c70d993b766c7c","male","yes","caucasian",6,48,10901
"280ff2bd5e2bfb894bcb1a654e2419","female","yes","asian-american",5,31,60091
"ccf76b2b4a136d68f3674246a78d7f","female","yes","caucasian",5,45,44120
"234aa3bbf60d3de92d950a6f7d4961","male","yes","caucasian",6,59,2421
"061231b8eef72c29f154f1ce107985","female","yes","african-american",7,59,6360
"5669a488910483a58c96b4bfd7eab8","female","yes","other",7,0,73116
"c18ea07a235108f35dcf2b3a8b90c3","male","yes","caucasian",4,39,61920
"b24055b91401c6817e7d378675d483","female","yes","african-american",5,34,11234
"61926f015bcab1f0323edeaff933a1","female","yes","caucasian",7,17,10000
"655bb3fb0da23a6512ea9050b36561","male","no","asian-american",6,25,0
"610652cd747a6f3fb9d3d12141f714","male","yes","caucasian",2,28,10017
"44986cab00b6cd07483b006218c139","male","yes","caucasian",6,37,94107
"323f0ba4d9bc0af75a5414a0483d0d","female","yes","caucasian",7,24,60647
"7c5806f09f5657f28fae7622abc34d","male","yes","caucasian",4,32,11772
"a12f43ceafa2f8670fa436893dc020","male","yes","caucasian",5,42,24060
"d3ca2a82294640473067af8475e247","male","yes","caucasian",6,47,60618
"4649558b4fe820c6a9cb0977a64a17","male","yes","caucasian",2,29,35213
"1cfe3f79195261409c7761a2c7c4be","female","yes","caucasian",7,43,64111
"be6128bff24e41015393081f752b15","female","yes","caucasian",3,0,93117
"bed9cad692ce92031f043d2ebadd5c","male","yes","caucasian",7,32,11226
"8db8c06615eb8a63ec95f69b0301d4","female","yes","caucasian",7,54,0
"8c244e6c57cf520b04226964817649","male","yes","",7,29,10027
"0f511b604c94a99ffcb0f84e5088d8","male","yes","caucasian",7,24,22576
"5338a5fc8d123554965c2a33dd604d","female","yes","hispanic",4,23,38655
"162fe83da8fc756e9210d8b70ebe88","female","yes","caucasian",6,25,94040
"90e82ce4bac83b89f37b4724b8526f","male","no","caucasian",7,34,20036
"d542779005144334c007e60b441eba","female","no","african-american",7,32,10037
"4b25d65e945b0c006c41f71c2a7806","female","yes","caucasian",7,31,90036
"e8233f747f11c524162e057b6f31b4","male","yes","caucasian",6,43,92108
"7f1b2dd0920c61cf0c44fc2649a922","male","yes","caucasian",3,47,24551
"a0a03cf37dfd85f427dedb10f2ea65","male","yes","caucasian",6,56,60616
"17d0709e2b4eb103f9efee4d1c724a","male","yes","caucasian",6,39,60657
"34057cf059900891ba73809b21d15b","male","yes","caucasian",7,56,1267
"7432e3b0b96dac8fb5be072c7dd561","male","yes","caucasian",1,26,90034
"c36534f603b132f0df78520dfc433f","male","no","asian-american",4,34,45354
"2e7d5a721b92a9d53cdc52a6b64023","male","no","caucasian",6,40,29464
"5469a7b4b4a2a6c47e8b6d5259d95d","male","yes","caucasian",2,16,83651
"dacd6b3f2dc091a08e1707f7bb8655","male","no","caucasian",7,28,49007
"96ae4e0b2da58a42ccbe2064c30483","male","yes","hispanic",4,24,10005
"6184ecb4f1e0c30e8203e2fcd87545","male","yes","african-american",3,39,10027
"f1c2143acda900fac0a596288f81e3","male","yes","caucasian",4,30,27104
"99c150915bb2e9a92f398f668b28dd","female","yes","caucasian",7,37,14215
"d2f5e498f5d5cd617e2732cec9a3ae","male","yes","caucasian",5,36,10033
"7c041152175652594e7cd347a83749","female","yes","caucasian",7,64,98020
"949aeb8e5518616fc865e55ed67f77","male","yes","caucasian",5,64,6232
"e236d18f4269dcb29a6fe7d667fb7e","male","yes","caucasian",6,50,6360
"02b1d561b2bf5373af487082648b63","female","yes","caucasian",4,48,28134
"97e9bcdc1609cd2b60bc3a5a346efd","male","yes","caucasian",4,26,75068
"adb5aa193d20a6d9fb7f26697f0681","male","yes","caucasian",6,70,48069
"9a385e91b1b979b215903134ecbb40","male","yes","caucasian",4,32,90266
"a6474ee007a4f7423401b2a94ccd63","female","yes","caucasian",3,39,10533
"afc79012596a31e207ce1192229edf","male","yes","caucasian",6,46,97212
"62224c3b4201b11b5b9f3026e1a4ef","male","yes","caucasian",5,40,28803
"6e438da3a848b5807191f9b39f2c6e","male","no","other",6,32,94103
"29c02211ecb14ad547a6c4201df203","male","yes","caucasian",7,36,98335
"dc202d3e0ba426d4cf7ac196121791","male","no","caucasian",5,30,0
"e53e2a371959f72055b4794601856b","female","yes","caucasian",1,23,33634
"7f9c96f948b7c748011743bae4d301","male","yes","caucasian",4,19,92260
"33dab61778fe004b1b6e187fa5ba69","female","no","caucasian",5,23,0
"3a1f52240bb351d6b44020eb68f099","female","no","caucasian",7,34,30909
"ce281b36faf57f21fe132166e1ab0d","male","yes","caucasian",4,30,13045
"eb1c6ffcf156b6b7edfd7bcc9ea23c","male","yes","caucasian",5,28,2421
"900bd6d2c232d4bd5a4dba62ff90b3","male","","caucasian",6,29,74133
"fdbe51bb806e33478d0205938dfb9a","male","yes","caucasian",6,24,2916
"e39ed480b90f5581903fc540f798eb","male","yes","caucasian",6,44,74104
"abd13967b581d65bf2b36bc778962e","male","yes","caucasian",7,32,90036
"36353c1f2523e14548d900ca1c6d9d","male","yes","caucasian",7,60,46260
"1e499efaff603d56d59729cd8c6368","male","yes","caucasian",4,34,39327
"3c7c1c0bac12df78227a7ce1a74825","male","yes","other",2,21,70115
"6228b30b9102db7a9aa2639fc2a8fb","male","yes","caucasian",5,44,98025
"b3b5af071ba4508a9976e10c63d8e1","male","yes","caucasian",1,26,20002
"0a40c0ff65b2921fb3778f0281e8a7","male","no","caucasian",4,27,0
"3c7c1c0bac12df78227a7ce1a74825","male","yes","other",2,21,70115
"","","","",0,0,0
"3c7c1c0bac12df78227a7ce1a74825","male","yes","other",2,21,70115
"4840681ff320265c5cf93041d77e0d","male","no","caucasian",6,26,0
"712ab5c3673f8026f5138a6d7e70c6","male","yes","caucasian",6,32,90066
"be2ee716ba99b9943bda22b1ff6da1","male","yes","hispanic",7,61,95301
"123737a2c0b5c21e40927b3a01b3d4","male","yes","other",4,32,94062
"4840681ff320265c5cf93041d77e0d","male","no","caucasian",6,26,91210
"52f4c5b4a43b4b93a3b1fd535f0085","male","yes","caucasian",7,36,80237
"9f426fedb3c381b6eede18c1a5654d","male","yes","caucasian",5,52,22031
"2342775bb8f85aecb59fd0e6f95371","male","yes","caucasian",4,30,77379
"5ff404cc1714e935641c68cb85abe3","male","yes","caucasian",6,27,44106
"ab92c2da47a9624573b21b70894534","male","yes","caucasian",6,49,78665
"abd91b464247c8f4f9e0261c021777","male","yes","caucasian",4,84,7762
"44f38cde86a1f786ddbf8b75fb8a14","female","no","caucasian",6,23,0
"31ac17d3ad90ac95107daeac4c54ca","male","yes","caucasian",6,57,7030
"70fae94701bdcfc45c468a6e455339","female","yes","caucasian",6,30,62234
"33d1c012c52588a641a958281ddf0f","male","yes","caucasian",6,43,22207
"3f20e96effe0b41f29c3da0a3dc1de","male","yes","caucasian",5,51,81611
"c0f4d93bc34a38504c83154208f59e","male","yes","caucasian",7,18,27514
"da59dc4cf6e57d31355209b780057b","male","yes","caucasian",7,70,92648
"76fe6e573cb932f25310764811d933","male","no","caucasian",7,39,10025
"ac9722c134e62c06ced88c5ec6d472","male","yes","caucasian",6,50,6518
"a35761c15cd85bf0ced1634c444ec2","male","yes","caucasian",6,30,20010
"7bb3cd41a9815ac7a79292361d7982","male","no","caucasian",7,44,4673
"d255beb86b96c7daf2e69f4ba708e7","female","yes","caucasian",6,33,95926
"50ca98063f8bb620c45a15415853c1","male","yes","other",6,25,51503
"08fecd1f9a235a489e5f462b7ef686","male","yes","caucasian",2,34,7040
"49ce9acd4b2b33f7ce6d0cdaadbcfe","male","yes","caucasian",7,19,4107
"b8abd138278b756b3a9d9b456bc160","male","yes","caucasian",6,47,60612
"0b2b4ff40218a49f16e30574bd1870","male","yes","caucasian",7,50,60660
"81495758c9d6437dd273daf0a22eba","female","no","caucasian",6,0,95023
"fc2f2938506668c6dc0156da52e561","male","yes","caucasian",3,70,42701
"c5f39dbb7004374a1be2c98b1e280b","male","yes","caucasian",6,38,21157
"44abd0aa8f1f613999b923e2dc9b9b","male","yes","caucasian",6,0,77304
"e8303f70512594248d8eeb339adce4","female","yes","caucasian",7,24,11201
"23226692081e74071d879a2dd33cc3","male","yes","caucasian",6,40,900148
"6e3522a3ea2031e0469a6bfbcc6307","female","yes","caucasian",3,57,94118
"7dec3524529ab014ec68bcb85c3c69","male","yes","caucasian",7,48,7016
"96ccec1e379a961fe1c22a2304c4a9","female","yes","caucasian",7,60,5443
"7cbb8e4ae239e7c34ecb489147d9ff","male","yes","caucasian",6,52,4401
"f00e64ea23c8b283278a237d89d6f4","male","yes","caucasian",6,42,80224
"a654fd4ee29f97c85907c4d8acd389","male","yes","caucasian",5,31,60304
"a7be6a964b85c379417310c21c4413","male","yes","caucasian",6,32,48182
"d1b5df5fb39218406fb5484152daf5","male","yes","caucasian",6,32,80305
"a58baa6162b353238dbc2c7708907f","male","yes","caucasian",4,17,98027
"a32ed5bef67944b52cb9605ec217c8","male","yes","caucasian",5,22,53703
"e126ebe7905d91172b8c6786fa6038","female","yes","caucasian",6,58,38134
"18349d29d9580ac3ce34d47acb4ed6","male","yes","caucasian",7,19,1569
"2af9da8773ae7e6ad07e457b1cf5f3","male","no","caucasian",6,55,19128
"510c1330a8cf5c1b755bf1edd6f815","male","yes","african-american",6,36,11215
"ae8373db32ee54a4b5132f2872d4ac","male","yes","caucasian",5,26,2127
"30ff19151c3aafc990f100bd18c274","male","yes","asian-american",7,30,19406
"a44ee5fc84c285e0edcc5649c35559","male","yes","caucasian",6,32,0
"1b6147098801579b5a729b408c12be","male","yes","caucasian",7,57,10025
"6ac07e5b5e244fa4928d5f46382b4f","male","yes","caucasian",3,54,11563
"0e4ecd69a6b00d970d7099f4d182b2","male","no","asian-american",7,24,94043
"581bc6d5e49e1f4e0eff3c72ee10f9","female","yes","asian-american",6,33,36830
"1c26b9e2254438645d2172a002de88","male","yes","caucasian",4,44,1720
"13cd7f2213d93c02ce0600ddebd1a9","female","yes","caucasian",7,38,3908
"f85400e78fa981a10fc55fbc3f193a","male","yes","caucasian",2,28,60618
"d77486dd2988e0054a5728e1240bc1","male","yes","caucasian",4,11,21157
"87ba9089b55545c2d52e7f52ce0ae4","male","yes","caucasian",4,55,59405
"2abeb923b28d454639692ee952e776","male","yes","african-american",2,25,89108
"8d34982395dabca8fe82c5949660e3","male","yes","caucasian",4,39,32301
"569c839f9cc286eef261051ae3b5e0","female","yes","caucasian",6,44,8812
"7d19f3c6c444d9f75cc56c1e77ff5c","male","yes","caucasian",7,38,10002
"ef1dd8c3928deb715f4212f28c9183","male","yes","asian-american",6,29,33131
"f4ca68e0498577ed55cad4dff0254e","female","yes","caucasian",5,44,33603
"8d449787f9dc4eb0a60d44be7d4c6a","male","yes","caucasian",6,22,1267
"74d11262569207d52c1b98a22381ce","male","yes","caucasian",3,59,65809
"67e2edd1ce69a9fdee28479b99feb8","male","yes","caucasian",2,33,11249
"1c71e1499a5b3a3b4f02fb90d9ec26","male","no","caucasian",6,42,0
"1a5f35a429414336bebc9f7d101224","male","no","caucasian",3,35,90210
"7249ac808ffbda0396599770fd497b","male","no","caucasian",2,42,84095
"b72ac04bc14b7663fa5797f515d7ed","female","yes","caucasian",7,53,98038
"f78def4f1a338320e0ec96778bb8da","male","yes","caucasian",7,35,20815
"462bd5c5dca35948c93dbf10cab505","male","yes","caucasian",5,53,7052
"c880514628b60cedf28dbbfabd52c6","male","yes","caucasian",5,26,97210
"d2eb81ea91cda8d93ada66af62727d","male","yes","caucasian",6,56,51537
"","","","",0,0,0
"b696c1cadd613b61d1fe89b1a5f950","male","yes","caucasian",7,41,60302
"297118b5478a154d96d7907de682bc","male","yes","caucasian",6,62,90068
"105a6c524ef8fb6dcf779858a378be","male","yes","caucasian",2,58,56468
"d2f3c9e4ee5e15c9946fe993c74398","male","yes","caucasian",4,54,98109
"913bb10bc688d36cc7947e82308028","female","yes","caucasian",4,37,30030
"65e5a4f3e37674364bb4b417963387","male","no","other",6,37,94043
"d4eae448a7fd37003273e2875aa898","male","yes","caucasian",6,27,68131
"91e32ff84f954df978fabb366e4581","female","yes","hispanic",6,40,33155
"1741074f69e2a8ce59576cf9549f53","female","yes","caucasian",6,20,10027
"2917378031be881e7c8a926fd948a7","male","no","caucasian",7,43,96785
"209ca4c97b56535ff5f710a01fc2ea","female","yes","caucasian",7,39,98105
"974fc04fe3a7024e4e3866e29e773c","male","yes","hispanic",6,36,84102
"b8f2bb4a680d3f33948ed5db7cbf96","male","no","caucasian",4,28,0
"808123c49336203f1175ec2bec1f0f","male","no","caucasian",7,66,94611
"4b91b3a362ed84c1cb144d3ca399dc","male","yes","caucasian",6,48,20003
"6ff41a312e48013401b86870429408","female","yes","asian-american",6,25,20854
"b81d0a8c34170083ffac603e8feac6","female","yes","caucasian",6,36,48104
"8792b776cb0086b177ab0adf03d665","female","yes","caucasian",5,45,98512
"db5c668486ae137df7d3ec7524a2f9","male","yes","caucasian",7,66,11218
"5b93ba96fe08f2aaff50a12451972d","male","no","caucasian",7,30,59010
"a23136a966d133c655e47e1c8974e8","male","","caucasian",5,31,60618
"8a5695f955ae7bd32f3827cafa7071","female","yes","caucasian",6,62,98133
"906c68c6b85ee5935143f34ab2e8b5","male","no","caucasian",6,42,0
"8cba6ff0a8160184594f43777ab6c1","male","yes","caucasian",1,17,0
"dcf129c483cfb68865a246dbf6ff89","male","yes","caucasian",7,46,98105
"fb637b248896a13e08e7b0a11aadc6","male","yes","caucasian",6,29,71107
"f0c3e86a838f8e1293bd980cec2c9c","female","yes","caucasian",6,28,90602
"94d09eaa4f5616d4fd811c10725045","female","yes","caucasian",6,22,94705
"28b6aa7cabb51189098665f23c1c91","male","yes","caucasian",6,29,91101
"d2bcfdcc6faa5862135b138d17236c","male","yes","caucasian",5,19,6269
"bc98963f05935d95386c094eaf5115","female","yes","caucasian",7,49,14860
"8b8f3c237f4577dade3d647a62707f","male","no","other",5,45,60067
"cd9efcd0fe764d59e1b50cea7c6e33","female","yes","",7,37,90018
"aa39bba80b8767f538d6a5a5daa567","male","yes","caucasian",6,26,10005
"ccdf821d5a1a22fc3936006bc49a19","male","yes","caucasian",7,52,49424
"","","","",0,0,0
"7dff16ce4b48449d8128b199cb8061","male","yes","caucasian",6,0,94553
"0be0885e7ab35e4356ba9bd3a8aba7","male","yes","caucasian",6,39,22306
"df91659aa5f862610b1a04e6c9367c","female","yes","asian-american",6,35,90018
"1fa5ccfb165c50dfe55a98ce0efc88","female","yes","caucasian",7,30,55404
"f8913afc76f638ec543fe9e43329d1","male","no","caucasian",6,20,95616
"3ea6d98fdb6e7669b872279a2051f2","male","no","caucasian",7,18,0
"51911c7a6e278b5cd62f2fe29ffc2b","female","yes","caucasian",7,22,37212
"9dd5e18d113f83e9bc0a3847c8c528","female","","caucasian",4,14,28787
"65dcbee0f5e6511c17b7c50149bcf4","male","yes","caucasian",6,18,84601
"94ac1de45e45c620727db6702109aa","female","yes","caucasian",7,54,33705
"7bc018e040f6a27056d9a7d12bc8cd","male","yes","caucasian",6,26,32405
"74511e36884c210b27952a592dfd86","male","yes","african-american",2,23,11105
"2fd718a38856df96408f35184b22e1","male","yes","caucasian",3,25,61817
"5e1c1113a61e13aa9e0726af0c6152","male","yes","caucasian",7,0,6784
"ffd8b1d991c9fd75f35dda2f1d5f2a","female","yes","caucasian",7,59,37640
"535e05b69fc8d4eafe12cf5fa39871","male","yes","african-american",6,30,48603
"28f1cc93f874a89cd738f734fffdba","male","yes","african-american",3,39,46368
"cfc5d9fd05a2100151f081b718a7d2","male","yes","caucasian",7,52,75230
"72e9d15c5157ff64cb61060d642ae8","male","yes","asian-american",7,31,78704
"535e05b69fc8d4eafe12cf5fa39871","male","yes","african-american",6,30,48603
"b4524186398ea2646731a69e8e933e","male","yes","caucasian",5,69,73107
"a9410aa022b14c2049db2ae0eb2822","male","yes","caucasian",6,42,30316
"854e1ca8ef6ec731b5a3476afffcf3","male","yes","african-american",5,67,63074
"cdf86ec4a9865d530dde915346df3c","male","yes","caucasian",6,27,7205
"28f1cc93f874a89cd738f734fffdba","male","yes","african-american",3,39,46368
"554b8b24c9a90609871adc63da0cab","male","yes","caucasian",5,41,29745
"017c425c2bf151eb7700b3a0f24334","male","yes","caucasian",6,35,12790
"cdf86ec4a9865d530dde915346df3c","male","yes","caucasian",6,27,7205
"b4a6fa49b0855bcea668e150aafac9","male","yes","caucasian",7,46,89123
"948ddb85870874f2d42ffcd90dccbb","male","yes","caucasian",6,25,6877
"70f34a3aeeea0218b4f046b1e380d6","male","yes","caucasian",7,55,10014
"24e2bd516b4870cf6263a0bb6790d0","female","yes","caucasian",5,42,90019
"72a24a0b46177dc5e10c994fafa983","male","yes","caucasian",7,55,1002
"1af22764f3c342ef0d63b89557943c","male","no","",1,67,33764
"930f27470953d62bcca89594a00ef3","male","yes","caucasian",5,44,62025
"9c1ceb727dc8acbb9c8630d5ad90c4","male","yes","african-american",6,46,76155
"e548cf5336961f2963e6e01184aa38","female","yes","african-american",7,51,91711
"bc38d2fa817b47b1ffdffd640b2d34","male","no","other",4,45,10024
"85edb1dee3e7746949ab6e30935b67","male","yes","caucasian",2,36,2145
"7942df65659658f29e8f7e039d9458","female","yes","caucasian",7,40,32901
"3bc8bd2c2128b6ddadf1cdb4090f9f","female","","caucasian",7,74,33418
"","","","",0,0,0
"a752aff2f1f775c1fa24d47ff9c300","female","yes","caucasian",6,33,2474
"0d842613d1831a7efd1e826fa1f377","female","yes","caucasian",6,53,80303
"bf4a4b85d519257c38d186a2cd7340","male","yes","other",5,53,96785
"53de930b0922213c23cce7d6c6cc40","male","no","caucasian",7,29,10462
"ee545793c4d8afe209812af9b561af","female","yes","other",4,22,90025
"9abf87fe7cb49f3a7b4ea425b8bcdc","female","yes","caucasian",4,32,33145
"d1be0122f2a539be9d6e6c8ed59862","female","yes","caucasian",7,48,15208
"ead9f6e425a965bb433170f0fce194","male","yes","caucasian",3,25,53566
"22eed0b09ea94e462bea83e878aa18","male","no","caucasian",7,26,10032
"ebb8e9bb3f695f4c082ab483e6ec82","male","yes","caucasian",3,0,11976
"4d6f9d35d6931935ce6ae13a2e624d","male","yes","african-american",5,45,74106
"0f647122ddb3aeb2104130ca86fa1f","male","no","caucasian",7,40,2139
"093ba990e25503d40e176945420e9e","male","yes","caucasian",6,69,32835
"5573ef43836d4f53733c925fd8f107","male","no","african-american",5,41,70119
"ad7e78fa1aa4bd1a5d188960713346","male","yes","caucasian",6,42,80301
"8f33a9183db5db768a9efce3ae3ed3","male","yes","caucasian",6,62,8816
"4131efb5c1785234b51e94aa26f51f","","","",4,0,0
"71c4e5f58b7e6c8db1ea8927e6f83b","female","yes","caucasian",7,35,54481
"6b6ba7d4548e901ffeda563930be7e","male","yes","caucasian",6,29,82009
"284c5f4c3d473800ae6af20ad807b6","male","yes","caucasian",6,29,90035
"4929e4c6d5e20679fcf6a8a23fce3e","male","yes","caucasian",5,34,48091
"3f49c3ecfd625df4ec2bea747f5738","female","yes","caucasian",7,48,46055
"b72167e39c625de9fefc94776685db","male","no","caucasian",3,31,0
"4cd43bff9326854bad31d63b1a3db5","male","no","caucasian",6,38,94040
"3a020704864b7fd06a3ef9d30202f2","female","yes","caucasian",6,39,22203
"1971c84bc027baf9a850d7e4c14457","male","yes","caucasian",6,25,10027
"f588d00d1aa8cf164b387a4af160b0","female","yes","caucasian",7,39,85224
"1391c5fdb3fbd56fc86ff563386593","male","yes","caucasian",3,48,95120
"4a83b3ce7d2db4f26eb9a3ae92a70b","female","yes","caucasian",6,26,40205
"340e4c56524465ddaadc1d7eacda16","male","yes","caucasian",6,67,59404
"99a0943f93c2fa80f9d8cc337ec355","male","no","other",5,45,56716
"acbf79687e247a71f25fadea3bdc01","female","yes","",6,44,98105
"7f18e1a9777db09de21a7da364147c","male","no","african-american",7,31,6511
"229bb93b064ef833589e1620fc8c19","female","yes","caucasian",4,57,94022
"0f522f27b41f55acc14945113a3806","female","yes","caucasian",6,41,98225
"68b2a4a56e9be136cdb3e36e0d7292","male","yes","african-american",5,60,10039
"665a2539f898343fa76a9d8308803e","male","yes","caucasian",6,34,19146
"7a28cf857ef8f2b1c9786c1d01a147","male","yes","caucasian",5,38,22902
"a4b5b0afa22bfa051d21d2c6783ce5","female","yes","caucasian",7,45,97123
"47a34b21b25894a1770b48dd1d1830","female","yes","caucasian",6,79,2468
"c082d9db08e03d48c546dbd6d753a0","male","yes","caucasian",7,28,53154
"d4889900b12dcf82cab77c8b7b2de1","female","no","african-american",7,0,20003
"880a234753d54ed7ac734322e50d0a","male","yes","caucasian",6,33,80210
"73b09ff1e6bdd9a1669935fddb3ce2","female","yes","caucasian",7,17,46228
"9514b5b9312a123ffafd585ffccaa0","female","yes","caucasian",6,33,55057
"234d3276c2bb5864d203beab3f8b40","female","yes","caucasian",7,43,55424
"cd3e1a5703134bebae2f479718a91a","female","yes","caucasian",6,40,77845
"f57ed0dab29ddbfb542b05c9d411d6","male","no","hispanic",4,38,6902
"dddb962e95edcfe8c7a3bbfb79344e","female","yes","caucasian",5,25,45215
"e23401fd376c2dc3e4b71dd03d6ed9","female","no","caucasian",7,42,0
"e23401fd376c2dc3e4b71dd03d6ed9","female","no","caucasian",7,42,0
"3fa591a748f215d53623f28eb49057","male","yes","caucasian",6,50,98329
"df15f44af5c42d69fde821d9447d38","male","yes","caucasian",6,27,15201
"3ccde358f5a26c7f1c00368efb6bca","male","yes","other",1,26,55555
"de325b39ef425b9710bcecab8323a3","male","","caucasian",7,28,90039
"2cf4ccc42c79ddf649ed800b761919","male","yes","caucasian",3,51,31907
"5c272b7deac2e4ef7a27be85cf6767","male","no","caucasian",6,47,0
"5000a5e25d449f33a24f4debb60922","male","no","asian-american",3,31,94158
"136c7d0d76113731dc9b4c5faddb71","female","yes","african-american",5,41,2842
"8cba6ff0a8160184594f43777ab6c1","male","yes","caucasian",1,17,0
"136c7d0d76113731dc9b4c5faddb71","female","yes","african-american",5,41,2842
"8b65c7f6e957d54e061bd86d129b89","male","yes","african-american",7,33,42071
"43bf584b6c7cc28f153cd7db8bd5f6","male","no","african-american",7,55,30305
"c482c735cf22f2fc011e8f3554bb63","female","yes","caucasian",6,33,90013
"2eb6874f8537224fe5ea230e34b887","female","yes","caucasian",4,45,55105
"aa19a3babad96a25e38fb1dc02c606","male","no","caucasian",7,40,8540
"80a8bddf721e59b7b92e9f3d68866d","male","yes","caucasian",2,42,10014
"acb3c5cea86a80dc05eb10f0263db6","male","yes","african-american",7,25,7410
"c7fce64e43b2d14516f6b0be3c7563","female","yes","caucasian",7,53,12601
"d5d1290bab60847828965bc09688d2","female","no","african-american",4,38,90024
"5e49708ab7e90365d1b7036751fb80","male","yes","caucasian",3,43,89511
"6fda0e83074647d89db4ea47acdb93","male","yes","caucasian",1,37,77005
"4ab84d282bac264a8c5155c45fcaf4","male","yes","caucasian",4,34,55106
"ef8cf5835c76b47fe92febcaf9241e","female","yes","caucasian",7,19,35222
"859a8522e1992c13675481bc21edcb","female","no","caucasian",7,42,0
"08c2bba76a74b4e4c75d6532aba335","male","yes","caucasian",7,61,98144
"cada2932857f40e369c21a2a6ad63c","female","yes","caucasian",6,42,27703
"e6ab29e6de4f1ebe93168dfd34a250","male","yes","caucasian",7,21,90007
"0ecc98f4481cc1e8950d9bcab92f75","female","yes","caucasian",6,38,11225
"3e79c1926827057687f493cb6eee8c","female","yes","caucasian",7,64,56762
"b4b92d1d31a399bdfaa5f97bdaeabf","male","yes","caucasian",6,41,97213
"c5780fcba7f56186ef196a501180fa","male","yes","other",6,35,97239
"3171d6d534e05b9c5f655f9829df77","male","yes","caucasian",6,42,85249
"0400512c6cca53760d91ede13bb5e1","male","yes","caucasian",3,32,97219
"ddcfebf60684148234d1e2eb467359","male","yes","caucasian",7,30,97206
"8907ac0b338f8a907948066950585b","male","yes","caucasian",2,52,49286
"0c48856beee0b990ccc44636f020ee","female","yes","asian-american",7,36,90405
"8ff25ba2c1ac4a9492a6a03be6c428","female","yes","caucasian",7,32,91101
"b4ed92a68b1ff3d26522fb3127ab81","male","no","caucasian",7,65,94117
"289e80676cba391a09559130f3d765","female","no","caucasian",7,37,0
"4c41cc30360ba7ee2681d465c20f16","male","yes","asian-american",5,22,20777
"c032ef20ff03877fd187925c045d42","female","no","caucasian",1,36,10029
"4c41cc30360ba7ee2681d465c20f16","male","yes","asian-american",5,22,20777
"797068a85b19995c0ed37dd087c02a","female","yes","caucasian",7,25,95616
"ea0684cbe3c11441e104326dcdb60f","female","yes","african-american",5,44,7087
"99004fb233250ce9e4ee69a0755185","female","no","caucasian",5,35,0
"3e419712131e888c28d986421364f3","female","yes","caucasian",6,26,19146
"be9186a173c8f7c60743b695607cae","female","yes","caucasian",7,34,90066
"d22e13e7b8356882ce4ae18d886a04","male","yes","caucasian",7,38,23031
"64ce6dceec0eb315d3299ac81accf9","female","yes","caucasian",7,0,27513
"7068ffe5ed95d45834c544aff83b27","female","no","african-american",6,38,11238
"49c7c9ffa6773e87b4bfb0a12e9772","male","yes","caucasian",2,34,10023
"599b33899dd47144527cc0bf8b14df","male","yes","caucasian",6,43,7002
"84bc1d6457df5d472b2b5eb8e4d788","male","yes","caucasian",4,0,60563
"8209e0225ebd957dbb6970f23ce46f","male","yes","caucasian",7,28,10023
"91decff865ded5cda2a348825e5479","male","yes","caucasian",7,18,7039
"a287192b3e8788361da9bf27c1adce","female","no","caucasian",5,23,96782
"7efd348e9c46c3057281d14522b638","male","yes","caucasian",7,55,47401
"2a9018ecc80af504b18df2644498de","male","no","other",4,27,27510
"c0e39ddc4092cfe2b95658aefee977","female","yes","caucasian",6,38,66214
"43748600d88dcf6d2428310c0f3ae3","female","yes","caucasian",6,39,84097
"ca29ac6f18da55ae2891b5bd51fd52","male","no","caucasian",2,37,20433
"2d0655c7d9feaca1f1525d57da5278","male","no","caucasian",6,31,0
"d45bc7bae5f4550ef6c0a5f0d2082e","male","yes","caucasian",6,57,94549
"4c510c5c7ae374bb5f133b8c738e4b","male","yes","caucasian",6,53,3909
"756bb5e3a93ac2c877ec62269e8b02","male","yes","caucasian",3,30,27510
"c3835dd1dafdc87a378a612e5c12c3","male","no","caucasian",5,46,2100
"1c78886c042423eb6e39487e496462","female","yes","caucasian",6,21,97034
"690907f90f6d28e6af29fed6fcce46","female","yes","caucasian",7,50,45005
"e7254b3507a3059b489ee7ecc8ad59","male","yes","caucasian",5,29,37206
"7f8177bc78efa54c6de29e6095faa3","female","yes","caucasian",7,29,20003
"0757c95a277c19c0aa4ccdba5e05cf","female","no","caucasian",6,58,11746
"","","","",0,0,0
"","","","",0,0,0
"0757c95a277c19c0aa4ccdba5e05cf","female","no","caucasian",6,58,11746
"16db1aa0b49023ea9b071fc5310b47","male","yes","caucasian",6,28,11218
"b5966d66716513fd13a7d220fff88e","male","yes","caucasian",7,45,98103
"51f4e4671df42f5d0b3913dfe36f73","male","no","hispanic",7,57,12065
"63d2daa06db4975c7a1a108bd3e146","female","yes","caucasian",7,38,2038
"f3b385e8e3a74ba9e3e02293c15ff8","female","yes","caucasian",7,0,44074
"95d167ee7ef0caf73aceb54c62d99c","male","yes","asian-american",6,24,10029
"45828facb3b708e6db9e272cfdee58","male","yes","caucasian",6,42,10024
"f99a3bdbe85f985c27b27e07cbf7eb","male","","caucasian",7,21,1610
"9bd7df2164821adecc31ef34d34176","female","yes","caucasian",5,22,95616
"cc6d5cc1d40a04cc22579657adce5c","female","yes","caucasian",7,33,19194
"df64245fa17735cde4518289554933","male","yes","caucasian",6,23,19123
"98ec7b00af009a8066ea0eb9dfd6fd","male","yes","caucasian",6,59,32601
"fc9e23aba727bc0387ac1e21dc79e9","male","yes","caucasian",6,23,77027
"4353bb8cdb42faaf9a80cc430d0a13","male","yes","caucasian",5,10,37604
"9c66dcf461253de7a9847071c5cec5","male","yes","caucasian",6,59,19096
"facf83d7a1d91becbf076c28cfadfe","female","yes","caucasian",5,40,98115
"7cea7ffa7ba72b15b63197f167e3d9","female","yes","",7,21,90201
"72ba8e6e87d84b219867a5ece38d2a","male","yes","caucasian",3,17,92260
"a94517e881b077117ccd0e70e792cd","male","","caucasian",7,40,20008
"32f9492f87ae5ce982b036a0817921","male","yes","caucasian",5,22,10960
"a36a6805f6cec11806bd792d9763dd","female","yes","hispanic",3,29,20009
"a6f157965512e696298633c5f964bd","female","yes","",7,50,52253
"a9ac81dcfeedde35c997ba2c02189b","male","yes","caucasian",7,31,10804
"99e456b86a8ffc1ab4c00bc38d9273","male","no","caucasian",4,46,0
"9c4881e577a92a9d124d2e4293cde3","male","no","caucasian",4,20,2170
"3c272e48d22380f517641d69f59c0c","male","yes","caucasian",6,46,78759
"b07765134720c4516ebd1cf1b367d6","female","yes","african-american",5,75,30034
"409a1f04aa8ce2755dce358855ab90","female","yes","african-american",5,47,23322
"a87b49461416f073585e1171567e62","male","yes","caucasian",3,33,6450
"7010a88b537a3c5b253d2dc7e34f70","","yes","",4,0,0
"beef720f739164720512575020663c","male","yes","caucasian",7,31,19147
"831ddb959ef389e822f467a01b477a","male","yes","caucasian",3,30,92105
"5696a415ca05b59d42323821ed5ff2","male","yes","african-american",6,32,6037
"1123dde23e9b773070f3dba2cdfb75","female","yes","caucasian",6,30,20850
"018f83875dc22b6a9a5815aa0dd207","male","yes","caucasian",6,62,14222
"085349c785ed9279e94df6676386bb","female","yes","caucasian",7,17,92211
"74d055b10e4508f464a421cf0a375b","male","yes","caucasian",6,44,3905
"533daa1515f1aa9bf91f8f614c46f9","female","yes","caucasian",6,31,2141
"d05b344141aca6d89b863a2d8dc66a","female","yes","caucasian",7,58,53209
"2c90288e9e3053b173871bcbbc7e65","male","yes","caucasian",7,37,3256
"a675506d56a4e13a94501aa37340f1","female","yes","caucasian",7,38,11201
"ccd3fb51c6b66ecd1ec502512eec1d","female","yes","caucasian",7,21,22191
"8bd00435b83d006805ba99004dce96","male","no","caucasian",5,16,33330
"0b07eba22e91f97cca3e72287291cd","male","yes","caucasian",5,35,12180
"298d7e7c5d2c5d5e129f266228458d","female","yes","caucasian",7,22,8054
"3e50e8507ca1c148ed11b372074969","female","yes","caucasian",4,18,89451
"f9d9912261ccf146e5bc83ed2d9ad9","male","yes","caucasian",7,62,95073
"45bb8e63970d9e4a0ab1259bf3f0d1","female","yes","caucasian",7,50,10160
"22c8dfa674cfefbe5479de54aed1b3","female","yes","asian-american",6,17,98335
"6bfd1715fd1aeafbb3aa01b596d2dc","female","no","other",6,45,2204
"602985d8fc8ccc1476d0c7d12c3c0c","male","yes","caucasian",7,51,33549
"","","","",0,0,0
"e3dc1967ae1f7a3f84eae3bedb17f2","female","yes","caucasian",7,31,30317
"f8b5166815740a7479f61d0eff17b3","female","yes","caucasian",6,18,6475
"4e8e5ae9772db9a7838dbc4781eba3","male","yes","other",6,46,90232
"495391982297ae1d263e693818fc9d","female","yes","caucasian",7,62,92025
"dd765f80c0343831ce8da130d0c6f4","male","yes","caucasian",7,33,2453
"c624d064f6e13c3b496ce22d0a3a26","male","yes","hispanic",4,16,92211
"070b152a28bf2c799203ea72d0a326","male","yes","caucasian",4,25,27526
"dd765f80c0343831ce8da130d0c6f4","male","yes","caucasian",7,33,2453
"cdf38832bd76b040a819c3ef5f8fb9","male","yes","caucasian",5,50,70707
"3d153882681354daeb1c3ee773ab31","male","yes","caucasian",5,18,44118
"5def734d1ec6893de8da8d2e271de7","male","yes","caucasian",5,34,28203
"8360475736ab9562dcec9aa22f7f56","male","yes","caucasian",7,61,78722
"6fab889388bc346be832468aa72db4","female","no","other",6,18,2142
"8cba6ff0a8160184594f43777ab6c1","male","yes","caucasian",1,17,0
"d130350b3fda6ec59b542f1555a277","female","yes","caucasian",6,39,98102
"7eadd7c63f098a8011cbc6a8fb5cfe","male","yes","caucasian",7,0,46530
"8bc45bc495e2b738312b80d7512b64","male","yes","caucasian",4,39,78748
"ca9def22c8361bb28da076db29c072","female","yes","caucasian",4,49,18052
"8a37fd0c6da3d082cd812d16e5b1d5","male","yes","caucasian",2,27,54665
"d4ecb6e1cf42a8a7cdac56993b0024","female","yes","other",7,32,2906
"660f18e31684929fd4c7787d35e2cf","male","yes","caucasian",1,30,10956
"df2e05654da8e1df5a4ada807f4964","male","yes","caucasian",7,47,0
"c1899d4ac71b7ab3761c1a16eb909a","female","yes","caucasian",7,35,98106
"772a85c5ff221f676e7c60c76a876e","male","yes","caucasian",6,46,94510
"c56e9f3a6b64869260739fe3bf2328","male","no","caucasian",3,27,20912
"015d9196f5dcda2e578071a933331a","female","yes","caucasian",7,25,6457
"9061a8303de945537e1f4c82d8bd0b","male","no","other",6,39,20816
"e2f64208cb797e7dae69ef6790f0ac","female","yes","caucasian",7,21,38117
"5efb8c093f680ca04f86fd083dd6e0","male","yes","",7,26,4074
"5efb8c093f680ca04f86fd083dd6e0","male","yes","",7,26,4074
"511bcaba6d2af4505d735c5469ceda","male","yes","caucasian",3,20,6878
"4ec0c26543915238644bdc5789f659","male","yes","caucasian",3,17,92211
"a0d293f3211374a63cca9e45391c17","male","no","other",4,17,0
"d01b4e9902f0d618d0ca1020b55135","male","yes","caucasian",5,16,92211
"7b0c8ecf2436863d6bc2817a1b508f","female","yes","asian-american",6,29,61821
"23ccb3dfb65c1afbb5b4e9f8d85ba2","male","yes","caucasian",4,26,98116
"7ac649738c5adef2ecbe1ee7f88f4a","female","yes","other",2,17,92260
"dfdf484e0480045a1e77de71f764fa","male","yes","caucasian",6,41,53704
"f568906559f8b500032a0adb91a27e","male","yes","caucasian",6,23,60201
"7ce4f29d59329de082ce63036ee60c","male","yes","caucasian",6,23,61281
"26d7a52adfbe2f6677a4de0787acdf","male","yes","caucasian",7,23,10011
"763c3ba28a42d4d4d3f31b3399ee2c","male","yes","caucasian",6,23,60202
"48002740febd44d8291343a9aeb6e4","male","yes","caucasian",5,36,98121
"efe07c93e9df03981b2b1b2ee63b67","female","yes","",5,35,97477
"","","","",0,0,0
"31980dc03794eda4e41a76951b5842","male","yes","caucasian",6,62,27517
"41138563d47802aee179a400808745","female","yes","caucasian",7,51,22902
"2c367f0b13285a934c60a75a53f02c","female","yes","caucasian",7,53,78155
"c0ab90adf179c792cab8622dee9896","female","no","caucasian",4,26,8805
"8a2072ac226c53f146b9f10223b8bf","female","yes","caucasian",6,52,70802
"33412971b522e75faded48b3af97b5","male","yes","caucasian",6,38,40507
"72a196c9de50569ff8e4710a63ccfc","male","yes","caucasian",2,42,16801
"06b567c3070d7a934f0eff5571bebc","male","yes","caucasian",6,17,92253
"4f3601723d878138f138eeba22bd6b","male","yes","caucasian",4,54,30322
"396ca248c237b0c96d380589638e56","male","yes","caucasian",6,24,11375
"ce94d779dafe085d28bd33a5e5b691","female","yes","caucasian",7,34,94530
"9893af2a63f69a4c43a3287b8e0ba4","male","yes","african-american",6,33,48206
"5bce5d20291bd8f200a567347cab45","female","no","other",5,23,10216
"79681ddfa9240f870a2c82f92e4b17","male","yes","caucasian",3,25,14850
"73401e5abea8794d2ec1d066827af7","female","yes","caucasian",6,25,10026
"af71124e6bbfbe643d41a696e64076","male","yes","hispanic",7,21,92801
"d0d589dfaa66de96f4f9f523ee7cde","female","yes","other",2,17,92211
"e30634a839413cc392979ef7808213","female","no","asian-american",6,39,91730
"550d0c5b4408dddc936949ec62b927","male","yes","native-american",1,53,92108
"d0d589dfaa66de96f4f9f523ee7cde","female","yes","other",2,17,92211
"70714989df39120e45dfd7393bd93d","male","yes","caucasian",6,27,94110
"185655b0a24a3590a949e5b8eccfb3","male","yes","caucasian",7,17,92203
"","","","",0,0,0
"4c24edec235cd20d4e428f2766dc65","male","yes","caucasian",6,53,7030
"6a6feca4a587462ba2057a1318b9e2","female","yes","caucasian",7,26,98103
"56efc3a2831959cb9ad3ce66aeec3a","male","no","asian-american",6,27,94709
"99029d50c065518c4d8994ccb7fbfe","male","yes","caucasian",4,25,84057
"334982fc3b3cd02815af15d7722b88","female","yes","caucasian",6,28,78722
"8f59ef555a112c771ae04c29ba575f","male","yes","caucasian",6,27,92277
"f69eca4aef125eb5b0faab0d9535b2","male","yes","caucasian",5,34,31406
"c71c8d101a7dc666e721d01f6569f1","male","yes","caucasian",4,26,92277
"70b1b90cd8538ebbcc454861c9ed42","male","yes","caucasian",6,26,11101
"f084a1880988491641f00fe1908231","male","yes","caucasian",4,54,60642
"47740b994b56798d0122067bc4c805","male","yes","caucasian",6,45,90049
"307a5acfabca83ce7ccb7fa8bcba87","female","yes","caucasian",6,58,10025
"94afb10336895c64b0cdcfae6ca65b","female","no","caucasian",7,57,0
"66bdcd9d2b96dbb698031c4a1a2e73","female","yes","caucasian",7,33,20814
"0248eab28fb55a63a21682c97b2e25","female","no","other",7,24,20036
"98cd7b07cacd98a0164000393e743f","male","no","asian-american",5,50,70124
"1aa81d79c419c6030bf1bf0aa158d2","female","yes","caucasian",7,17,94556
"d171ffa359172a3ddb53b74c6a7fb2","female","yes","caucasian",7,63,35054
"6ce4f60a76e37f160d747ab2ee74f8","male","yes","caucasian",7,46,95497
"bce36e5ea20eab9d714298c69145ce","male","no","caucasian",6,63,94941
"7e3cf8ed1da4f5cdb84f229650fd8b","male","no","other",6,0,0
"2a3206bd2f9db066c0dff077993517","female","yes","caucasian",7,29,96160
"bad60409885fa909c7a69391b7a3e5","male","no","other",4,46,0
"22dee4728223acf6a6c0914c99783d","female","yes","caucasian",4,17,92260
"229727f00da97fd7d03bb4e602df58","female","yes","caucasian",2,29,989
"333eab362bbde87217dcb6b11f4e0e","male","yes","caucasian",2,29,75010
"","","","",0,0,0
"98829199be077e6c27ad01f281496c","male","yes","caucasian",5,31,59270
"fb40e9e6de1b75f26932bb2d221bdb","male","yes","caucasian",2,54,94526
"ddf441dc14903e42424080c3af39c7","female","yes","caucasian",6,63,10025
"9623acefae0211b8167cd6419d8e83","male","yes","asian-american",3,38,80026
"9b96dda0f2e003b2ab288cefd58ab7","female","yes","asian-american",6,36,2472
"2ffca8a852d878ef198e0623d97166","male","yes","other",7,26,95834
"7671720a368789d58346801cc847cb","male","yes","caucasian",4,31,89701
"","","","",0,0,0
"1e448ac66913e40b2ac9ee70bc6c10","female","","caucasian",4,36,70401
"6b469654d48cd348d7872ac5b15e0f","male","yes","hispanic",7,35,11206
"c316242fa2cd697de4c06531c839af","male","yes","caucasian",7,25,84604
"2deb9257049b848dd30b17056f104a","male","yes","caucasian",3,17,92211
"64b6d9320f730409b1c541f6a96db4","male","yes","caucasian",7,19,86303
"6e6554c5ce6a8834c3fd99e366dfc4","male","yes","caucasian",4,16,92253
"0874b8c624745e4104170d7d359920","male","yes","african-american",7,35,75235
"72c663ebf510267a246a371f3ce125","female","yes","caucasian",6,17,92260
"6af553771ab6244b847242e9809b1d","male","no","asian-american",5,28,2138
"","","","",0,0,0
"","","","",0,0,0
"01e3ed79626e9e7144385784cbd48b","female","no","caucasian",6,17,92211
"10761bf76398e02d29c7964905d3ce","male","yes","caucasian",6,70,98075
"583a2da7805a1cd93545fa4a446caa","male","no","caucasian",5,27,6000
"342ac0d573a6b6526e76e4129026b4","male","yes","hispanic",3,16,98105
"dcd46045bb555f41ddff4c30c0f16f","male","no","caucasian",6,30,0
"3c66a3f9129040c6a6a6cdb245809a","male","no","caucasian",5,27,0
"43a67c4019caaf0c948d1673a43d29","male","","caucasian",3,18,21210
"","","","",0,0,0
"","","","",0,0,0
"d0c0b0776a3a1d26da3c6b76f8d0ee","male","yes","caucasian",4,49,94070
"c0acec91ece78ae36d8ed70fc8d2dd","male","yes","caucasian",3,47,2840
"0318bca002ecd12102f04c6fbe12b8","male","yes","caucasian",7,30,76012
"f83f3dd738eaf8921e01624c398bee","male","yes","asian-american",6,23,19146
"3ff85ad8b306493564ac0673440bad","male","yes","caucasian",6,25,21718
"1779df57eab5d20141042f0bdc93da","male","no","caucasian",7,41,20016
"b88a0ab395c0b81cb09828c3382e96","male","yes","other",6,0,11420
"99cb7f8e3c5ee1589c46dfa5ca5d65","female","yes","caucasian",6,32,98033
"46aab664659f524ac3087780d75755","male","yes","caucasian",6,0,11372
"6c49fbcb1b7cf2e24831914a508a86","male","yes","other",5,25,11247
"1ba54572ef3df1d60c34972c06cf8f","male","no","other",6,28,560105
"4b7a413c085e20bddba69ae207e5f8","male","yes","caucasian",6,0,94116
"2d350f70e44b82f4a41375dedac902","male","yes","caucasian",7,44,59806
"99d1ae131e0f421b591071b92418b6","male","","asian-american",6,39,10282
"b35b901276ae526aebb0bb90ed5c96","male","yes","other",7,33,94107
"2e2b16f4899d0706bd991dc0cad7bd","male","yes","asian-american",7,21,89147
"","","","",0,0,0
"6451f8d16416eeabf397935dac9d78","male","yes","asian-american",6,28,10010
"7bd402a1cdd0635671565a9b634b59","female","no","caucasian",6,30,20540
"1544399f590676abc91129d7c6c8fb","male","no","caucasian",4,43,0
"8d29e4ee4a95587abdf40228d6ab15","male","no","other",6,22,0
"2f31f9025824df3d6544cf8cb887c8","male","yes","asian-american",6,25,0
"9ef19f11f8cbee72ec9ea56237120a","male","no","asian-american",6,22,94305
"5e6d19722d49994ba8c38c00b285e3","male","no","caucasian",4,20,97341
"73e1beafd25d5ccf256c31930fff4e","male","no","other",7,33,8901
"2e75335f778415d348e059154a764e","male","","caucasian",7,45,68124
"7df6b88644a894c64dd6fe58a588dd","male","no","caucasian",6,65,9010
"15f33712e1aa0ffd5e5f6f43623ac6","male","no","other",6,22,247667
"","","","",0,0,0
"","","","",0,0,0
"89e9cb91edcc29f32573960234f264","female","yes","",6,28,98118
"b229c44528f6b92a3b244a126aa20c","male","yes","caucasian",2,51,93110
"4443ba8a972a83f569ed3c434692d8","male","no","other",6,30,0
"","","","",0,0,0
"e8bdd682875b6984408d44b6dcb2b8","female","no","caucasian",7,17,0
"585171abc504760378a15de476a656","male","yes","caucasian",5,27,95993
"bda5da52da34c5070e6151adbce740","female","no","caucasian",6,29,0
"09d1cad0fbd5557851de4d69ac7e56","male","no","caucasian",6,34,176
"16dc99f817715b8883bdc5afbfdaa3","female","yes","caucasian",4,24,6511
"","","","",0,0,0
"d07547e53b759ec2685d8b08b8ee1d","male","no","caucasian",7,18,0
"214d123d592bf544afa207d2b28fa0","male","yes","caucasian",7,57,48071
"de8ca2a873026605d93d63f7d258c0","male","yes","caucasian",6,44,45243
"f06b888b2f9e52abb7c94bccbc8b0c","female","yes","caucasian",6,54,12205
"d07547e53b759ec2685d8b08b8ee1d","male","no","caucasian",7,18,0
"77a5b6cbee1e9b921809d3cb24f053","female","yes","caucasian",6,28,5401
"bfade5baf64c892e04eb4acf5e29df","male","yes","caucasian",7,56,27549
"dcf25d277f960e75fce0b989494068","male","no","caucasian",6,26,94100
"cfc6e256026e3bf423f37536d38979","male","yes","caucasian",7,35,15203
"13417e555940a2efd73b6d388e8365","female","yes","caucasian",6,20,95487
"855f32ece66905a46782f33fe41a2a","male","yes","caucasian",6,42,7080
"3042a42e501bbd1cd44b9ab3dc1060","female","yes","caucasian",6,31,30030
"bd983bed4a6d67f5df34f90c89d60d","male","yes","asian-american",6,36,10001
"c8cdabec6fe88a6ddf63fa621175c3","male","yes","caucasian",2,46,35811
"b0dc2dde19d3af4a3ad50287b30e17","male","yes","caucasian",1,45,65201
"f76295c117c0c7bb63f7929791beb9","male","yes","caucasian",6,50,45601
"0c753d6f437a3f6152d5dd169e0a3a","male","yes","caucasian",6,46,7006
"2bff97b1ee029f8c2390587e286e91","male","no","hispanic",4,27,11201
"ae5f37e3e6eddb1a28d4076b59774a","female","yes","caucasian",6,59,49006
"707a6cbeac884ceec678d0b758c862","male","no","caucasian",6,28,8536
"1c79961a05f77e11cb5da11b1e0ef0","female","yes","caucasian",7,53,23602
"a20dc300ac95ac8deb85b87ba46307","female","yes","caucasian",7,39,11743
"b6c625fb8676f1eeca6ec4750a32b9","female","yes","caucasian",6,17,92253
"9dabada84db6f92250a993f814d5f4","male","yes","caucasian",1,35,30132
"2041162eab4623214a833cf92a6ee5","male","yes","caucasian",6,0,0
"3326de2d0dbb2dc24a93d6f9a5a1da","female","yes","caucasian",7,53,32127
"11295ce6fbd64c98cc440abdff97f3","male","yes","caucasian",7,31,20010
"c98f62cc0c14ee6ef87cc607af8c03","male","yes","caucasian",6,32,1222
"50ce25f64902cda97d648b01589f5a","male","yes","caucasian",5,53,68005
"2f0736213961c0f89e3f50dfe4a3a2","male","yes","caucasian",3,70,6016
"4417450a58b298f7cdefc04e43fdc6","male","yes","caucasian",6,36,60622
"c07600bfba478cfd5edbd7b92fda49","female","yes","caucasian",5,47,10010
"fe8b740903d77a4b3396e7b75b2e8e","male","yes","caucasian",5,32,21230
"57884fd048c1f08fc3425be2ba028b","male","yes","caucasian",6,27,19102
"a330b6b277ced9b3741d09aa5dc5b4","male","no","caucasian",5,41,919111
"59621c34eb3f420e2420ca1ebf1fa9","female","yes","caucasian",7,57,46032
"8c3beee1d4400ec68822d183f1ee18","male","no","hispanic",6,32,10021
"57a4e2aa269b8fc5433148e12715a8","female","yes","caucasian",7,63,3245
"c7fbf2977a18fe4bb1f2dea2eeaaec","male","no","caucasian",7,25,0
"38518dddd707999eb436196f2b7b79","female","no","caucasian",7,32,0
"5caea01d3139a5cf761b39b7f4bc68","male","yes","caucasian",6,45,2888
"9603eeb8cdd162e4a53fcdc5004ac5","male","yes","caucasian",4,44,49682
"cb5581824a1f8b642b3bc4b02956a2","female","yes","caucasian",7,55,46208
"b8ace726fefaea9394835d6b5529ae","male","yes","caucasian",5,48,10023
"219e0477fb7b5d52b39162e49282fe","male","yes","caucasian",6,67,7901
"8d5531b0c60c0b233b52420d425564","female","","other",6,61,96821
"e6b15504d575e64eee7db28ec8c564","female","yes","asian-american",5,25,2135
"8d5531b0c60c0b233b52420d425564","female","","other",6,61,96821
"abbd3731649ced6e33304de39afb57","male","yes","caucasian",6,57,2186
"24fc02864b1dc69a03a258d645ae0c","male","yes","caucasian",6,27,21093
"2459c7283ec6e099eb85b4e51ba625","female","yes","caucasian",7,31,85719
"052756a74dcde072813a6740c86b44","female","no","caucasian",7,54,27540
"4981b41d297b96dc3f8b015665832b","female","yes","caucasian",7,35,24060
"","","","",0,0,0
"cd3113ebeb03ae30c20431aa18995b","male","no","hispanic",5,50,10022
"93252b2cef69b24276cbb0ca817530","male","no","caucasian",2,26,0
"107f844da641604573c292eb10b07a","male","yes","caucasian",5,29,78758
"1d2bde9022435b353eca21a8a9792f","male","no","caucasian",6,42,2138
"b95fb3576cb6566b6aa5e845985358","male","no","caucasian",6,29,60615
"8aa2ee923576f5daf6988f8486baa5","female","yes","caucasian",4,35,43338
"de4a7981866676393c5d5ecf159327","female","yes","african-american",7,27,48188
"ade8fbc4ed5ddc6d38742853ede291","female","yes","caucasian",7,56,29678
"f0ab9785a8f861a009233d92319e93","female","yes","other",7,54,20754
"abd2dec9308e87834eac5b17d0ff09","male","yes","caucasian",4,0,0
"91c48b2d063cb31b2c7dfcf708670e","female","yes","caucasian",6,71,94530
"2e6198d9c5d9db3469fae92e98177b","male","yes","caucasian",7,28,15224
"24435873822f7916e0f59052c5bd24","male","yes","african-american",7,41,11210
"274037e4f63200cf6cea232f53381e","male","yes","caucasian",6,44,32259
"446dd6bd6f8554cd065f27c4030b69","female","yes","caucasian",7,28,22812
"934949dabddf709e29f943f3af7aca","male","no","caucasian",6,0,0
"fb45f32ce01df0ea3cddf2c980e23b","female","no","other",7,32,1218
"88cc823e60f93be3c11530a6e94051","female","yes","caucasian",7,60,30030
"de9d3dd52e2c34ddc88d3c10ce37c0","female","yes","african-american",4,35,27603
"07e51e4be40104e64d40af2e4ffb17","male","yes","caucasian",5,49,10022
"3b21985852abf88ddc92ee8066370e","male","no","african-american",6,51,20781
"68b0731676e2894cfd05465b21f8fb","male","yes","caucasian",4,0,19102
"9c38229c044a5d9f8d7c743cf24fd6","male","no","other",7,21,600036
"30dafcb546178779014ecefb720bbb","male","yes","caucasian",5,27,53704
"9a81a328f1b9e407612dfc3d19ade6","male","yes","caucasian",3,48,12054
"72d27b8f844fca14ba25e4c4d07d0b","female","yes","caucasian",6,58,27834
"929784228694e3d80a315a14196627","male","yes","caucasian",6,36,11215
"925c34856f302d60ef9a00a76ba580","male","yes","other",6,37,11217
"b9789a036b10dd90e226f512f1c12b","male","yes","caucasian",4,41,55305
"106f487864db9d1e6b48d95ae47e35","male","no","caucasian",5,55,15241
"2e6309346c8491813799f4a5b10c90","female","yes","caucasian",7,50,7631
"1af40dcc02c5cb9e4d3e76cdc66a4b","male","yes","caucasian",7,38,17003
"3cf78c826d78cbb5218a7d99923196","male","yes","caucasian",7,42,90278
"ba3a48e34d2f553341735ee7620f80","male","yes","caucasian",6,62,23321
"f8b10f41c9444fd6df537886b5fded","male","yes","other",7,30,11104
"f8b10f41c9444fd6df537886b5fded","male","yes","other",7,30,11104
"4b9c59065318a079d2e78c5bf35234","female","yes","caucasian",6,43,50112
"0571283ee591b0f6dce828f34249fc","male","no","other",6,25,10708
"f1c91ea1994ffc165391b358cefb87","male","yes","caucasian",1,47,58466
"e1870ef7601d74013ffb15b457eba4","female","yes","caucasian",7,31,48103
"896a8dc30ae0bd8cd6c6d871d496e1","male","yes","caucasian",7,24,6103
"dbc461ccb200722124857e1c7411aa","male","no","other",5,22,10036
"7788e416d7b0c235f74fbfca7962fc","female","yes","caucasian",4,50,20003
"c630bd8085b83d4366ee12a09d3205","male","yes","caucasian",4,30,43202
"3a05ae30e06fd41ced143ffe2eab87","female","no","caucasian",5,21,25228
"5f4997c306ef12f1c84e22c2923ae6","male","no","caucasian",7,24,0
"006bb7b7f82de4606d616e5e89b10b","male","yes","caucasian",4,23,11559
"8e1197cff1ce6ef03a01f5fe0cf35b","male","yes","caucasian",5,49,44001
"6fe6ef612e59e5d678a3440b269246","male","yes","caucasian",7,30,95062
"4290f31440e43af236ef92d1c3b591","male","yes","caucasian",7,30,6269
"a5d9c3e76c9fce77c6c11a92ebccb2","female","no","caucasian",6,36,94114
"fb8e5d4320708cfd9436aac891550d","female","yes","caucasian",7,44,39576
"22f5a1772f25af57da4f12175d48ef","male","yes","caucasian",1,27,90210
"15a5d0d9ef200eea1da3805b14d4d7","male","yes","caucasian",6,61,93433
"a1df7e52c6822f0a07cdf81ff315ae","male","yes","african-american",3,47,20772
"f6beb3559d50c2aa3b82eca87d9551","female","yes","caucasian",7,42,10009
"82de85c75f8fcba3ca62646bcc032d","male","yes","caucasian",2,42,60430
"1d41c38dc765e81fbfbe830db568a0","male","","caucasian",6,35,32504
"30968fff8c3ef1693914f8be5d487d","male","yes","caucasian",4,63,36693
"3f5ce22d7753a45170983bc4487122","female","no","caucasian",6,21,0
"ad080c09a696dcb1abc789bb943319","male","yes","caucasian",6,62,97405
"6ea130674ef7ac20a34479ad080ea4","male","yes","caucasian",6,36,10001
"aaf35744b09273b8f38ec98d56686a","female","yes","caucasian",4,37,29690
"8d714bc0acde164d8690868b662ff6","female","yes","hispanic",5,35,95124
"55d1b22cf5141a04b87439be89aa04","female","no","other",7,23,60626
"412ca6cf835a2ab289e7862fcf67af","male","yes","caucasian",1,19,76205
"9ba5a2fe54365882d777aaec718df1","male","no","caucasian",7,29,10021
"98b2e4da26920edbebe2daa279e0e7","male","no","caucasian",6,52,0
"62f7fdb5f641d3af61f54507619c22","female","yes","caucasian",7,64,55429
"f6eb49ef4f0998295bd46ae09151ab","female","yes","caucasian",2,23,15217
"320e74d745575ae98324d815da8d68","female","yes","other",7,50,12123
"5506f0b89ac39ba4582d9e97271875","male","yes","caucasian",6,44,30101
"9ab5aa400685aa023b67937a7273d5","male","yes","african-american",7,33,10024
"f8820ad8b16ca71953c7b00b6137f7","male","yes","caucasian",4,44,30519
"b82ab0020dd001e5ab5192f5c66271","female","","caucasian",4,44,94610
"840cb143ccc599e6614d8ed8ef4fd5","male","yes","caucasian",6,28,11215
"7839c586ae5da55de74d63ec637dbe","male","yes","caucasian",6,30,20001
"4a43d03023dd63a4a37e9c8af0ebd9","female","yes","caucasian",5,31,2140
"92968c035eb289cb64a05508983c74","male","no","hispanic",7,41,0
"914509824a6667358a777a2ccd8c39","male","no","caucasian",5,40,90210
"871fe80a8fcbfca2c0acfb9c1e0138","male","yes","caucasian",5,26,21601
"4b7763c134d12cf44d2b6fe844eb95","male","yes","caucasian",6,60,54880
"0cb028e910efffe98f5ab0db19a203","male","yes","caucasian",4,26,10036
"ce4e6656e725cf296b6f5f1f10df14","female","yes","other",6,15,10001
"f97f614a790164270eef1090325e66","","","",4,0,0
"4d33521ffa0960ee845333b3b9d4e0","male","no","caucasian",7,0,2115
"e63ef6a87aea8d1ec99d821e7e8804","female","yes","caucasian",6,49,1810
"2b7714ff406ad584d4a87e0659a46f","female","yes","caucasian",6,21,44403
"56a69e782ecaa8737e42440baa20f1","male","yes","caucasian",6,21,10075
"2775c729b96ec37dec7efab079db8c","male","yes","caucasian",7,39,20007
"65e89c22729cfcbed7b789ad7b59a9","male","yes","caucasian",6,23,10012
"23b5e93be2b07f83db9ac4299774e1","male","yes","caucasian",7,50,0
"3fbe69c8d2a32493ca3c3a5a02a277","male","yes","caucasian",7,21,55446
"9771c82747e8f236ed5b44d9d1a40c","male","yes","caucasian",5,27,10011
"31f6a0c0ac5c852939bbf0390f5fbc","male","no","asian-american",6,25,98230
"eddc798e55d4397368bdd87915231a","female","yes","caucasian",6,46,19146
"2c9a20e17f7fe08e5a2395978fc462","female","no","caucasian",7,35,6268
"8fc99fb37bc37572d5f5aeca2c3e79","male","yes","caucasian",3,32,7003
"e2608262ce667ab7e6c78b07fefbfb","female","yes","caucasian",6,28,98103
"16084eeb1a0e2f3f4d478c4fbff714","male","yes","caucasian",3,29,25302
"c212e2f4f1ee6efb648aa818d9578f","male","no","caucasian",6,25,0
"3f753e1a7413b4876a485e9fbce282","male","yes","caucasian",5,40,60660
"6b5b3f21c274a63f48788eea4ea5bf","male","yes","caucasian",6,30,6518
"ff5fbd8ad4398b421f8ea97c3e59cd","male","yes","caucasian",7,38,45458
"6bca07bad55757ee79d9a0f46bfbe1","male","yes","caucasian",6,34,11218
"ca356f34466460aa581cc5b806eb7f","male","yes","caucasian",7,31,78704
"4a9c0f476dd0ae2a9a37d768669eff","male","no","caucasian",7,31,0
"7507a23bc43fe23a450fa7f169ab68","male","yes","african-american",7,43,94610
"e58d8b7b2bb2e39cc0c4e0d3a42a7e","female","yes","caucasian",7,36,1062
"7bbddc67208a5293a2810c2fe640d3","female","yes","other",7,36,94109
"a280d43da7bfda42f3dcfba2a4de95","female","yes","",7,0,64118
"de607362db35ad9a41ae913189f440","male","no","asian-american",6,27,94121
"34388cbcab2f31fe40b8d34f3fe989","male","yes","caucasian",7,25,14416
"f759100a307f034309fde9555aa955","male","no","caucasian",5,35,2906
"92227c4ca1cdf85825b9d0db34710d","male","yes","caucasian",5,24,73019
"0928774feafae36ea3582dca187f58","female","yes","caucasian",6,33,73069
"8443fe9f5350f5c2853f17da55aa68","male","yes","caucasian",7,25,43065
"a7a4a345e4f4e9f3017704fd4314e8","female","yes","caucasian",7,24,87102
"5a3a17d319c6fe46a694b4d3d23a13","male","yes","asian-american",3,22,63376
"f7c3402452ff31c0cb817ed8cd7fc8","male","yes","caucasian",6,51,2840
"dd85c2fd2c86913ee47348849ed739","male","yes","caucasian",7,45,11217
"21e912633f14f125d7c0511fa30b9e","male","yes","caucasian",5,23,20009
"06fe0123eb92bd05f5c99dfc381562","male","no","other",4,27,10013
"eef3feb314db4c0bdc8b144cfd3720","female","yes","caucasian",6,33,75218
"6ec919a5f857641ff8832f73c922e2","female","yes","caucasian",7,24,75214
"d15659bd764d4667300fff17b40445","male","no","caucasian",6,23229,23229
"57839581e77e0107b67e109d9d7e56","female","yes","caucasian",7,63,54935
"e840806acead812ba1944e509f8e51","male","yes","caucasian",5,21,61701
"160b4152a147cf746387498a64f6e8","male","yes","caucasian",7,53,7016
"aa39167aced1be16fa3a828a2b9f7a","female","no","asian-american",5,29,10065
"fa2da6443c24382de64f16907e0611","female","yes","",6,34,29407
"b5a6ff31f6a2ca84f9c1a7fafd8160","female","no","caucasian",6,52,98052
"f89e2edaf6a4f638744eac49c5b538","female","yes","caucasian",6,30,19147
"3591a9bcf85feee788fe52c098a237","male","yes","caucasian",6,37,92101
"176dd4874eb9dc9dddbd1df35997ae","male","yes","caucasian",6,52,94301
"dc1ab88c2e2285bd1a65fa9cec6692","female","no","asian-american",6,35,62702
"12a8c3499c17782f2fc1fdcdc743d0","female","yes","african-american",4,22,10001
"52960778af83cb0ac325590535d592","male","yes","caucasian",5,53,16125
"ea2536f6fe0093143166e5c3d758bc","male","yes","caucasian",5,36,91304
"696a8b5262bf3f4d001cae0356293b","male","yes","caucasian",6,29,20009
"92cc7b0962c2e48182a7907ae84868","male","yes","caucasian",6,28,19146
"aa2410408750935705ade3f4a09662","female","yes","caucasian",7,34,2318
"2d1744efc34a6bd9744808530d8e8a","male","yes","caucasian",7,70,14850
"2d1744efc34a6bd9744808530d8e8a","male","yes","caucasian",7,70,14850
"25b0a9eafebda6960ffbf53fe0abd2","female","no","asian-american",6,27,60610
"a7bd6964359fe0926ffb98026c5c67","male","yes","caucasian",7,58,54720
"4dbb3a97259d11b4112109cab736c5","male","yes","caucasian",2,35,97801
"f72310501799b9e8895ce54013ed00","male","yes","caucasian",6,28,13760
"9cc9ace181c672f7abf8031bb5aed2","male","yes","caucasian",5,30,60440
"d8ff590c3da377f19eeed6edf81bab","male","yes","caucasian",7,62,12208
"1479c69ff02fe2bc11bd099a2b5dcd","male","yes","caucasian",6,29,11206
"8012cddea62b17c3a659431d16d9ab","male","yes","caucasian",6,33,44221
"2b68f165e93922d0cb4baf325c71c0","male","no","african-american",6,28,329
"2193a34c5502075293027a1f72faa5","male","","caucasian",6,32,27705
"b8975b1dee08c08f9304d2379006f4","male","no","caucasian",7,23,0
"c37a277de7be6df0b0dd070d7d85cf","male","yes","caucasian",6,33,94501
"9538306ea1156ee6742bd8a6dd52d7","male","yes","hispanic",4,30,98102
"f04b1536372008ea63adf7022d3565","male","no","other",4,28,6604
"54c03876f37e3124191a39a7209355","female","yes","asian-american",6,26,11577
"672a5f56885874900901e3e3786e85","male","no","hispanic",4,33,33444
"316d84fa8caaad8a06bf0db1201d8d","male","no","african-american",4,47,0
"b7e19304fbbdd83b15118dcc8f3c9c","female","yes","asian-american",7,31,60625
"7f0b48fc165ebf5a878e608af8b170","male","yes","african-american",6,40,94609
"2a88aabb1a53b4552c29f539f2aaaf","male","yes","hispanic",5,40,89109
"143e8d24b72d029d0b0ec9b53c2b8e","female","yes","caucasian",6,51,12304
"22aa90dcfe2b635965271003dc30b1","female","yes","caucasian",6,26,21045
"a19aa1a1b5637fbc53915e50ade0f0","male","yes","caucasian",4,42,30650
"4c95e1dcfb7d971e763acbd8bdaf84","female","yes","asian-american",7,0,8540
